source_id,url,fetched_at,http_status,content_type,content_length,content_sha256,etag,last_modified,outcome,raw_ref,reason,warnings
hf.papers.daily.backfill,https://huggingface.co/api/daily_papers?date=2023-05-04,2026-09-13T19:34:53Z,200,application/json,21071,d16edc4218bf0e0b8ca85da777f663e96875ca61536947e1922e5f0700122f79,,,first_capture,raw/hf.papers.daily.backfill/2026/09/20260913T193453Z-d16edc4218bf.json.gz,,"backfill of 2023-05-04; upvotes are as-of-fetch, not as-of-date"
hf.papers.daily.backfill,https://huggingface.co/api/daily_papers?date=2023-05-05,2026-09-13T19:34:55Z,200,application/json,73917,e6db51a66f5326f5c891875b3bcee2759ff9c2a8504049453d5bf291f38692ba,,,first_capture,raw/hf.papers.daily.backfill/2026/09/20260913T193455Z-e6db51a66f53.json.gz,,"backfill of 2023-05-05; upvotes are as-of-fetch, not as-of-date"
hf.papers.daily.backfill,https://huggingface.co/api/daily_papers?date=2023-05-07,2026-09-13T19:34:58Z,200,application/json,41099,2b7da34eea2170bb392b41a85cd50453ddb038ddf02581e42a02ac7157ee79b1,,,first_capture,raw/hf.papers.daily.backfill/2026/09/20260913T193458Z-2b7da34eea21.json.gz,,"backfill of 2023-05-07; upvotes are as-of-fetch, not as-of-date"
hf.papers.daily.backfill,https://huggingface.co/api/daily_papers?date=2023-05-08,2026-09-13T19:35:19Z,200,application/json,41851,82d1fba8df103b30c6c0949d1531af8088f14f8eec6c6a55f88ed6400418a41f,,,first_capture,raw/hf.papers.daily.backfill/2026/09/20260913T193519Z-82d1fba8df10.json.gz,,"backfill of 2023-05-08; upvotes are as-of-fetch, not as-of-date"
hf.papers.daily.backfill,https://huggingface.co/api/daily_papers?date=2023-05-09,2026-09-13T19:35:21Z,200,application/json,72180,5091b5da261b32a1bc6885c86f7cefcd835cfabdc369c43ff6ce091562668126,,,first_capture,raw/hf.papers.daily.backfill/2026/09/20260913T193521Z-5091b5da261b.json.gz,,"backfill of 2023-05-09; upvotes are as-of-fetch, not as-of-date"
hf.papers.daily.backfill,https://huggingface.co/api/daily_papers?date=2023-05-10,2026-09-13T19:35:22Z,200,application/json,53795,cd1e9dd785b073a07b9644bcb055825ced34a4b18ca1c5e2b89af72551a14dbe,,,first_capture,raw/hf.papers.daily.backfill/2026/09/20260913T193522Z-cd1e9dd785b0.json.gz,,"backfill of 2023-05-10; upvotes are as-of-fetch, not as-of-date"
hf.papers.daily.backfill,https://huggingface.co/api/daily_papers?date=2023-05-11,2026-09-13T19:35:24Z,200,application/json,63521,d1a3e6f003c80989147a972c174298ecd399ec477794c7ec4c609bd656b691d8,,,first_capture,raw/hf.papers.daily.backfill/2026/09/20260913T193524Z-d1a3e6f003c8.json.gz,,"backfill of 2023-05-11; upvotes are as-of-fetch, not as-of-date"
hf.papers.daily.backfill,https://huggingface.co/api/daily_papers?date=2023-05-12,2026-09-13T19:35:26Z,200,application/json,79023,104d4492d7ec2e2b4acd63161850e6d33a775350cb07fb50b787287339e03f9e,,,first_capture,raw/hf.papers.daily.backfill/2026/09/20260913T193526Z-104d4492d7ec.json.gz,,"backfill of 2023-05-12; upvotes are as-of-fetch, not as-of-date"
hf.papers.daily.backfill,https://huggingface.co/api/daily_papers?date=2023-05-14,2026-09-13T19:35:29Z,200,application/json,13416,5ee95ea0e642c7fe8ffc1341a067a4536bdd67db7482b33bd82533ca0827fc75,,,first_capture,raw/hf.papers.daily.backfill/2026/09/20260913T193529Z-5ee95ea0e642.json.gz,,"backfill of 2023-05-14; upvotes are as-of-fetch, not as-of-date"
hf.papers.daily.backfill,https://huggingface.co/api/daily_papers?date=2023-05-15,2026-09-13T19:35:30Z,200,application/json,54922,3ee57f162de5fae8e751d4fb92f6a9e3d64e46c3187b550f5277b6bf39ef8f16,,,first_capture,raw/hf.papers.daily.backfill/2026/09/20260913T193530Z-3ee57f162de5.json.gz,,"backfill of 2023-05-15; upvotes are as-of-fetch, not as-of-date"
hf.papers.daily.backfill,https://huggingface.co/api/daily_papers?date=2023-05-16,2026-09-13T19:35:32Z,200,application/json,118384,d4325f0b022571f9bdcf14296256edee328470da50b689039ae9bec4a25e3f4f,,,first_capture,raw/hf.papers.daily.backfill/2026/09/20260913T193532Z-d4325f0b0225.json.gz,,"backfill of 2023-05-16; upvotes are as-of-fetch, not as-of-date"
hf.papers.daily.backfill,https://huggingface.co/api/daily_papers?date=2023-05-17,2026-09-13T19:35:34Z,200,application/json,30886,3eb6ed8fd6e8c9b19e1e2b182cc5709ff9dc4b9e47a304f3ba027e2de49f83cc,,,first_capture,raw/hf.papers.daily.backfill/2026/09/20260913T193534Z-3eb6ed8fd6e8.json.gz,,"backfill of 2023-05-17; upvotes are as-of-fetch, not as-of-date"
hf.papers.daily.backfill,https://huggingface.co/api/daily_papers?date=2023-05-18,2026-09-13T19:35:36Z,200,application/json,83298,2d68d869ca0635e7691bbd53b8a5854a7f2ae870d7c000ab0b44199f58fe046b,,,first_capture,raw/hf.papers.daily.backfill/2026/09/20260913T193536Z-2d68d869ca06.json.gz,,"backfill of 2023-05-18; upvotes are as-of-fetch, not as-of-date"
hf.papers.daily.backfill,https://huggingface.co/api/daily_papers?date=2023-05-19,2026-09-13T19:35:37Z,200,application/json,107023,cd9c0829490daafe7dafb4734fdad94ba0716d32d1c75336e11091491bea81be,,,first_capture,raw/hf.papers.daily.backfill/2026/09/20260913T193537Z-cd9c0829490d.json.gz,,"backfill of 2023-05-19; upvotes are as-of-fetch, not as-of-date"
hf.papers.daily.backfill,https://huggingface.co/api/daily_papers?date=2023-05-21,2026-09-13T19:35:41Z,200,application/json,31712,161f28ce7386678742b61de233b42b13c8d7db742f1c7a385f2d9f393ea3c462,,,first_capture,raw/hf.papers.daily.backfill/2026/09/20260913T193541Z-161f28ce7386.json.gz,,"backfill of 2023-05-21; upvotes are as-of-fetch, not as-of-date"
hf.papers.daily.backfill,https://huggingface.co/api/daily_papers?date=2023-05-22,2026-09-13T19:35:42Z,200,application/json,104952,6fc3b8b19a4a03a33fbe121b3ba9a42bc0a2323fbe996d453ee07b222daff1ea,,,first_capture,raw/hf.papers.daily.backfill/2026/09/20260913T193542Z-6fc3b8b19a4a.json.gz,,"backfill of 2023-05-22; upvotes are as-of-fetch, not as-of-date"
hf.papers.daily.backfill,https://huggingface.co/api/daily_papers?date=2023-05-23,2026-09-13T19:35:44Z,200,application/json,74514,36be6c6739ea1681dc16d18ae5ad83a213746db0ff826f958fc78e9e0a998675,,,first_capture,raw/hf.papers.daily.backfill/2026/09/20260913T193544Z-36be6c6739ea.json.gz,,"backfill of 2023-05-23; upvotes are as-of-fetch, not as-of-date"
hf.papers.daily.backfill,https://huggingface.co/api/daily_papers?date=2023-05-24,2026-09-13T19:35:46Z,200,application/json,11206,0d1d07d129b0d75f27109ef3a8cc1e9f4c8530ad863bc6d4803741688711d523,,,first_capture,raw/hf.papers.daily.backfill/2026/09/20260913T193546Z-0d1d07d129b0.json.gz,,"backfill of 2023-05-24; upvotes are as-of-fetch, not as-of-date"
hf.papers.daily.backfill,https://huggingface.co/api/daily_papers?date=2023-05-25,2026-09-13T19:35:47Z,200,application/json,24796,058877ac851a2e5cdee72e048e4df3622027f411a74067306837cfca5a508ea7,,,first_capture,raw/hf.papers.daily.backfill/2026/09/20260913T193547Z-058877ac851a.json.gz,,"backfill of 2023-05-25; upvotes are as-of-fetch, not as-of-date"
hf.papers.daily.backfill,https://huggingface.co/api/daily_papers?date=2023-05-26,2026-09-13T19:35:49Z,200,application/json,44043,e4a9041de09d0d55dc4be6bbd722b3f22e13049dc107f4e52010d7a551eb0de4,,,first_capture,raw/hf.papers.daily.backfill/2026/09/20260913T193549Z-e4a9041de09d.json.gz,,"backfill of 2023-05-26; upvotes are as-of-fetch, not as-of-date"
hf.papers.daily.backfill,https://huggingface.co/api/daily_papers?date=2023-05-29,2026-09-13T19:35:54Z,200,application/json,115730,47a65d6ffd5506524d9e9e1e39a9508d712074c11e43ee15a7d453afbefeb6d1,,,first_capture,raw/hf.papers.daily.backfill/2026/09/20260913T193554Z-47a65d6ffd55.json.gz,,"backfill of 2023-05-29; upvotes are as-of-fetch, not as-of-date"
hf.papers.daily.backfill,https://huggingface.co/api/daily_papers?date=2023-05-30,2026-09-13T19:35:55Z,200,application/json,112929,877b7a1bd9f16cbac64a7b92a4db2df2df5c1f435ca766390f9fec3b0078266a,,,first_capture,raw/hf.papers.daily.backfill/2026/09/20260913T193555Z-877b7a1bd9f1.json.gz,,"backfill of 2023-05-30; upvotes are as-of-fetch, not as-of-date"
hf.papers.daily.backfill,https://huggingface.co/api/daily_papers?date=2023-05-31,2026-09-13T19:35:57Z,200,application/json,77863,6840c453e3bb45844fb4eb0053ebb8d68a0c0a08c7c88bda88220a12fe2cde97,,,first_capture,raw/hf.papers.daily.backfill/2026/09/20260913T193557Z-6840c453e3bb.json.gz,,"backfill of 2023-05-31; upvotes are as-of-fetch, not as-of-date"
hf.papers.daily.backfill,https://huggingface.co/api/daily_papers?date=2023-06-01,2026-09-13T19:35:59Z,200,application/json,70203,8196d77feb099a98f69030c9f8fa794ed24eb35b6b873ad6436c47acb89b3f27,,,first_capture,raw/hf.papers.daily.backfill/2026/09/20260913T193559Z-8196d77feb09.json.gz,,"backfill of 2023-06-01; upvotes are as-of-fetch, not as-of-date"
hf.papers.daily.backfill,https://huggingface.co/api/daily_papers?date=2023-06-02,2026-09-13T19:36:00Z,200,application/json,108772,62b295368a483dfc8968804507854c38c206227a1e2c4adf69584085084d0ad3,,,first_capture,raw/hf.papers.daily.backfill/2026/09/20260913T193600Z-62b295368a48.json.gz,,"backfill of 2023-06-02; upvotes are as-of-fetch, not as-of-date"
hf.papers.daily.backfill,https://huggingface.co/api/daily_papers?date=2023-06-05,2026-09-13T19:36:05Z,200,application/json,77997,f8ef628279246a1b5fba966d7b5f3557c164855b0976e3e7a07fcb80557a54b4,,,first_capture,raw/hf.papers.daily.backfill/2026/09/20260913T193605Z-f8ef62827924.json.gz,,"backfill of 2023-06-05; upvotes are as-of-fetch, not as-of-date"
hf.papers.daily.backfill,https://huggingface.co/api/daily_papers?date=2023-06-06,2026-09-13T19:36:07Z,200,application/json,108792,911d0cd724ea7e6208a4af13baab13fe6fb81cb0c988376bcb127603b21dabe9,,,first_capture,raw/hf.papers.daily.backfill/2026/09/20260913T193607Z-911d0cd724ea.json.gz,,"backfill of 2023-06-06; upvotes are as-of-fetch, not as-of-date"
hf.papers.daily.backfill,https://huggingface.co/api/daily_papers?date=2023-06-07,2026-09-13T19:36:08Z,200,application/json,47673,2c78a3c8e690a6510596ebbc5f75eb7b5ed6a9a93712fce1775d098491e1e07b,,,first_capture,raw/hf.papers.daily.backfill/2026/09/20260913T193608Z-2c78a3c8e690.json.gz,,"backfill of 2023-06-07; upvotes are as-of-fetch, not as-of-date"
hf.papers.daily.backfill,https://huggingface.co/api/daily_papers?date=2023-06-08,2026-09-13T19:36:10Z,200,application/json,63227,3f7410b18f056bd35f266cf6a3bed6a347be62217620db71599a0bc1b26c7401,,,first_capture,raw/hf.papers.daily.backfill/2026/09/20260913T193610Z-3f7410b18f05.json.gz,,"backfill of 2023-06-08; upvotes are as-of-fetch, not as-of-date"
hf.papers.daily.backfill,https://huggingface.co/api/daily_papers?date=2023-06-09,2026-09-13T19:36:12Z,200,application/json,86917,41e45b2d9ed2f6874db38e9efb19e34a32e4b6c1a2697f5e2bd5ae147da2c5e7,,,first_capture,raw/hf.papers.daily.backfill/2026/09/20260913T193612Z-41e45b2d9ed2.json.gz,,"backfill of 2023-06-09; upvotes are as-of-fetch, not as-of-date"
hf.papers.daily.backfill,https://huggingface.co/api/daily_papers?date=2023-06-11,2026-09-13T19:36:15Z,200,application/json,26929,ac2a9b3288cd2f73aa83666bf7e74045eaa8d01a7d2b78df4182a1b5e0cf5756,,,first_capture,raw/hf.papers.daily.backfill/2026/09/20260913T193615Z-ac2a9b3288cd.json.gz,,"backfill of 2023-06-11; upvotes are as-of-fetch, not as-of-date"
hf.papers.daily.backfill,https://huggingface.co/api/daily_papers?date=2023-06-12,2026-09-13T19:36:16Z,200,application/json,39628,d861e1168768f81e246d33a343061a8f22c2f979c2dee1e988c59f6cc00383b3,,,first_capture,raw/hf.papers.daily.backfill/2026/09/20260913T193616Z-d861e1168768.json.gz,,"backfill of 2023-06-12; upvotes are as-of-fetch, not as-of-date"
hf.papers.daily.backfill,https://huggingface.co/api/daily_papers?date=2023-06-13,2026-09-13T19:36:18Z,200,application/json,54280,8f24d3693b6eb184fec6e51f07fd237e20548f18ef9ecaf7ce6a4687a9db0025,,,first_capture,raw/hf.papers.daily.backfill/2026/09/20260913T193618Z-8f24d3693b6e.json.gz,,"backfill of 2023-06-13; upvotes are as-of-fetch, not as-of-date"
hf.papers.daily.backfill,https://huggingface.co/api/daily_papers?date=2023-06-14,2026-09-13T19:36:20Z,200,application/json,91944,ee291c1545922c48dcdcc18fd4ed418b8076a2afd910762eabc9a34b69980a5d,,,first_capture,raw/hf.papers.daily.backfill/2026/09/20260913T193620Z-ee291c154592.json.gz,,"backfill of 2023-06-14; upvotes are as-of-fetch, not as-of-date"
hf.papers.daily.backfill,https://huggingface.co/api/daily_papers?date=2023-06-16,2026-09-13T19:36:23Z,200,application/json,152764,164d88c450cbaca796cb33c6160d595a9aa52ed53d225f41ee1f40e9bc9f7148,,,first_capture,raw/hf.papers.daily.backfill/2026/09/20260913T193623Z-164d88c450cb.json.gz,,"backfill of 2023-06-16; upvotes are as-of-fetch, not as-of-date"
hf.papers.daily.backfill,https://huggingface.co/api/daily_papers?date=2023-06-19,2026-09-13T19:36:28Z,200,application/json,70690,b1eeb905d3784984c08718a9eda59997d252789bdf681f50cd23405e7532e173,,,first_capture,raw/hf.papers.daily.backfill/2026/09/20260913T193628Z-b1eeb905d378.json.gz,,"backfill of 2023-06-19; upvotes are as-of-fetch, not as-of-date"
hf.papers.daily.backfill,https://huggingface.co/api/daily_papers?date=2023-06-20,2026-09-13T19:36:29Z,200,application/json,10629,dd2faf76b1038da6f905eeb9e8694f59c3aa2782597010489022c4674db0982e,,,first_capture,raw/hf.papers.daily.backfill/2026/09/20260913T193629Z-dd2faf76b103.json.gz,,"backfill of 2023-06-20; upvotes are as-of-fetch, not as-of-date"
hf.papers.daily.backfill,https://huggingface.co/api/daily_papers?date=2023-06-21,2026-09-13T19:36:31Z,200,application/json,74888,495a7869490364c7f16885e33b6763935b5a38583239239527a1235b63370aaa,,,first_capture,raw/hf.papers.daily.backfill/2026/09/20260913T193631Z-495a78694903.json.gz,,"backfill of 2023-06-21; upvotes are as-of-fetch, not as-of-date"
hf.papers.daily.backfill,https://huggingface.co/api/daily_papers?date=2023-06-22,2026-09-13T19:36:33Z,200,application/json,54838,3c182d1c776887a16a177b07a38c17cd66f06f215da288248447360b0981dede,,,first_capture,raw/hf.papers.daily.backfill/2026/09/20260913T193633Z-3c182d1c7768.json.gz,,"backfill of 2023-06-22; upvotes are as-of-fetch, not as-of-date"
hf.papers.daily.backfill,https://huggingface.co/api/daily_papers?date=2023-06-23,2026-09-13T19:36:34Z,200,application/json,10924,029645a57989dcc6a475fd7f155c91642609eb0b8bc11b104275244e9bae0848,,,first_capture,raw/hf.papers.daily.backfill/2026/09/20260913T193634Z-029645a57989.json.gz,,"backfill of 2023-06-23; upvotes are as-of-fetch, not as-of-date"
hf.papers.daily.backfill,https://huggingface.co/api/daily_papers?date=2023-06-26,2026-09-13T19:36:39Z,200,application/json,39455,42cdb9e649d58d2ba0daa979e3fcbc7aff5dcfccb4602b0ad0f788b05a40b50c,,,first_capture,raw/hf.papers.daily.backfill/2026/09/20260913T193639Z-42cdb9e649d5.json.gz,,"backfill of 2023-06-26; upvotes are as-of-fetch, not as-of-date"
hf.papers.daily.backfill,https://huggingface.co/api/daily_papers?date=2023-06-27,2026-09-13T19:36:41Z,200,application/json,102277,6259fe35b782eed6b341f5249e892db4e9bf382a531cb2e4bb8f58c33205aa7f,,,first_capture,raw/hf.papers.daily.backfill/2026/09/20260913T193641Z-6259fe35b782.json.gz,,"backfill of 2023-06-27; upvotes are as-of-fetch, not as-of-date"
hf.papers.daily.backfill,https://huggingface.co/api/daily_papers?date=2023-06-28,2026-09-13T19:36:42Z,200,application/json,47177,c519f2d47445c6e347ec151a4037de7f6d09374e77971d5686ccb50e1daa3545,,,first_capture,raw/hf.papers.daily.backfill/2026/09/20260913T193642Z-c519f2d47445.json.gz,,"backfill of 2023-06-28; upvotes are as-of-fetch, not as-of-date"
hf.papers.daily.backfill,https://huggingface.co/api/daily_papers?date=2023-06-29,2026-09-13T19:36:44Z,200,application/json,50100,68725e11bf6c199400643e648af4fa505936d3bb6e4a052c37af9bc5e5ee8ec3,,,first_capture,raw/hf.papers.daily.backfill/2026/09/20260913T193644Z-68725e11bf6c.json.gz,,"backfill of 2023-06-29; upvotes are as-of-fetch, not as-of-date"
hf.papers.daily.backfill,https://huggingface.co/api/daily_papers?date=2023-06-30,2026-09-13T19:36:45Z,200,application/json,66402,97d78089ba955c3973580a9ca371b2dc6e4ceaedb5997811d1cd739ddc9628a5,,,first_capture,raw/hf.papers.daily.backfill/2026/09/20260913T193645Z-97d78089ba95.json.gz,,"backfill of 2023-06-30; upvotes are as-of-fetch, not as-of-date"
hf.papers.daily.backfill,https://huggingface.co/api/daily_papers?date=2023-07-02,2026-09-13T19:36:49Z,200,application/json,29713,a95c0b6bf90d82092e7e7d713797e54a3e7c2232be6722c9ce2e128714dc665e,,,first_capture,raw/hf.papers.daily.backfill/2026/09/20260913T193649Z-a95c0b6bf90d.json.gz,,"backfill of 2023-07-02; upvotes are as-of-fetch, not as-of-date"
hf.papers.daily.backfill,https://huggingface.co/api/daily_papers?date=2023-07-03,2026-09-13T19:36:50Z,200,application/json,29459,a6b3e45d23ba2da7e2ab63bb414761bf99b06e60ce6c8f5c2ea07669fde4e3bc,,,first_capture,raw/hf.papers.daily.backfill/2026/09/20260913T193650Z-a6b3e45d23ba.json.gz,,"backfill of 2023-07-03; upvotes are as-of-fetch, not as-of-date"
hf.papers.daily.backfill,https://huggingface.co/api/daily_papers?date=2023-07-04,2026-09-13T19:36:52Z,200,application/json,62582,a1b0b031c744e3e4b1c38b416e890e89f9f584a75acab616b3a02f4bc7558113,,,first_capture,raw/hf.papers.daily.backfill/2026/09/20260913T193652Z-a1b0b031c744.json.gz,,"backfill of 2023-07-04; upvotes are as-of-fetch, not as-of-date"
hf.papers.daily.backfill,https://huggingface.co/api/daily_papers?date=2023-07-06,2026-09-13T19:36:55Z,200,application/json,89240,4a21bbba3d236185eb1110da0aa0ac099271a4579f667d33d159654cfe1e171e,,,first_capture,raw/hf.papers.daily.backfill/2026/09/20260913T193655Z-4a21bbba3d23.json.gz,,"backfill of 2023-07-06; upvotes are as-of-fetch, not as-of-date"
hf.papers.daily.backfill,https://huggingface.co/api/daily_papers?date=2023-07-07,2026-09-13T19:36:57Z,200,application/json,40212,306f81c7430defad5544f51d93a1704d92737dc170a82e8db3f0003d10e56741,,,first_capture,raw/hf.papers.daily.backfill/2026/09/20260913T193657Z-306f81c7430d.json.gz,,"backfill of 2023-07-07; upvotes are as-of-fetch, not as-of-date"
hf.papers.daily.backfill,https://huggingface.co/api/daily_papers?date=2023-07-10,2026-09-13T19:37:02Z,200,application/json,50855,173be0e1bdef4250d364f9d26e03477497cdbcd0c239833da532a55323ce4364,,,first_capture,raw/hf.papers.daily.backfill/2026/09/20260913T193702Z-173be0e1bdef.json.gz,,"backfill of 2023-07-10; upvotes are as-of-fetch, not as-of-date"
hf.papers.daily.backfill,https://huggingface.co/api/daily_papers?date=2023-07-11,2026-09-13T19:37:03Z,200,application/json,88196,fb29651dba712e0701e584142b4eec882a6692d549f7a6463311c741560d0e1c,,,first_capture,raw/hf.papers.daily.backfill/2026/09/20260913T193703Z-fb29651dba71.json.gz,,"backfill of 2023-07-11; upvotes are as-of-fetch, not as-of-date"
hf.papers.daily.backfill,https://huggingface.co/api/daily_papers?date=2023-07-12,2026-09-13T19:37:05Z,200,application/json,37330,38863ecfe102cf0559482b8061752d42121a1b4d0e9685c242c4271abec07f98,,,first_capture,raw/hf.papers.daily.backfill/2026/09/20260913T193705Z-38863ecfe102.json.gz,,"backfill of 2023-07-12; upvotes are as-of-fetch, not as-of-date"
hf.papers.daily.backfill,https://huggingface.co/api/daily_papers?date=2023-07-13,2026-09-13T19:37:07Z,200,application/json,89940,861239548f5da88d1c094bf4e89ab242f44337e425605274b894b6c155a92c70,,,first_capture,raw/hf.papers.daily.backfill/2026/09/20260913T193707Z-861239548f5d.json.gz,,"backfill of 2023-07-13; upvotes are as-of-fetch, not as-of-date"
hf.papers.daily.backfill,https://huggingface.co/api/daily_papers?date=2023-07-14,2026-09-13T19:37:08Z,200,application/json,22523,df75cc4c76fee2acf84aee590b97aa4159c78e61ffa40197b1f4b0fedf410b1d,,,first_capture,raw/hf.papers.daily.backfill/2026/09/20260913T193708Z-df75cc4c76fe.json.gz,,"backfill of 2023-07-14; upvotes are as-of-fetch, not as-of-date"
hf.papers.daily.backfill,https://huggingface.co/api/daily_papers?date=2023-07-16,2026-09-13T19:37:11Z,200,application/json,10446,924ece48fa6e83e8a315fa4f579b5483c789fc0c6bdfb43fbe09f47ac3354ebe,,,first_capture,raw/hf.papers.daily.backfill/2026/09/20260913T193711Z-924ece48fa6e.json.gz,,"backfill of 2023-07-16; upvotes are as-of-fetch, not as-of-date"
hf.papers.daily.backfill,https://huggingface.co/api/daily_papers?date=2023-07-17,2026-09-13T19:37:13Z,200,application/json,21511,0dabdf96ae8d9debc8c04dff86e3c799011273b823dbf7114d4a3d6c1bfa44e5,,,first_capture,raw/hf.papers.daily.backfill/2026/09/20260913T193713Z-0dabdf96ae8d.json.gz,,"backfill of 2023-07-17; upvotes are as-of-fetch, not as-of-date"
hf.papers.daily.backfill,https://huggingface.co/api/daily_papers?date=2023-07-18,2026-09-13T19:37:15Z,200,application/json,69338,f4483dfde8643fcc3e50f1ef279323035fda35d63616eda4289db0c5aaceb75e,,,first_capture,raw/hf.papers.daily.backfill/2026/09/20260913T193715Z-f4483dfde864.json.gz,,"backfill of 2023-07-18; upvotes are as-of-fetch, not as-of-date"
hf.papers.daily.backfill,https://huggingface.co/api/daily_papers?date=2023-07-19,2026-09-13T19:37:16Z,200,application/json,42417,3ed05654b4a4653ea2b0e7c6bb6ba753560bef135a32ed60daeddad5725714b5,,,first_capture,raw/hf.papers.daily.backfill/2026/09/20260913T193716Z-3ed05654b4a4.json.gz,,"backfill of 2023-07-19; upvotes are as-of-fetch, not as-of-date"
hf.papers.daily.backfill,https://huggingface.co/api/daily_papers?date=2023-07-20,2026-09-13T19:37:18Z,200,application/json,57860,e3782f693268518607051c7a87c96e0798f5f1757179bb17d5aa30941b01c4fa,,,first_capture,raw/hf.papers.daily.backfill/2026/09/20260913T193718Z-e3782f693268.json.gz,,"backfill of 2023-07-20; upvotes are as-of-fetch, not as-of-date"
hf.papers.daily.backfill,https://huggingface.co/api/daily_papers?date=2023-07-21,2026-09-13T19:37:20Z,200,application/json,56477,6b0a8f8dd123940f10d0c9d48ccd0ab4a101ef14f61fe43020d3ad73727d0a6b,,,first_capture,raw/hf.papers.daily.backfill/2026/09/20260913T193720Z-6b0a8f8dd123.json.gz,,"backfill of 2023-07-21; upvotes are as-of-fetch, not as-of-date"
hf.papers.daily.backfill,https://huggingface.co/api/daily_papers?date=2023-07-24,2026-09-13T19:37:24Z,200,application/json,21235,de53123905bac6be9b99854a5cf4c61ce0b028585da5109bb25af027ae2ed74b,,,first_capture,raw/hf.papers.daily.backfill/2026/09/20260913T193724Z-de53123905ba.json.gz,,"backfill of 2023-07-24; upvotes are as-of-fetch, not as-of-date"
hf.papers.daily.backfill,https://huggingface.co/api/daily_papers?date=2023-07-25,2026-09-13T19:37:26Z,200,application/json,66149,901b2465df737c265e5ee580910c49076d6af1777a88e1e2f2c6cd042f5a1b2d,,,first_capture,raw/hf.papers.daily.backfill/2026/09/20260913T193726Z-901b2465df73.json.gz,,"backfill of 2023-07-25; upvotes are as-of-fetch, not as-of-date"
hf.papers.daily.backfill,https://huggingface.co/api/daily_papers?date=2023-07-26,2026-09-13T19:37:28Z,200,application/json,58198,ef3359930d33bfcc7f6cf7e6e5bb0465bae478791b5f48b5c37d6c170e9b7b88,,,first_capture,raw/hf.papers.daily.backfill/2026/09/20260913T193728Z-ef3359930d33.json.gz,,"backfill of 2023-07-26; upvotes are as-of-fetch, not as-of-date"
hf.papers.daily.backfill,https://huggingface.co/api/daily_papers?date=2023-07-27,2026-09-13T19:37:29Z,200,application/json,58072,3c0209dd15bc28404c27637f2bb040b3da4ddb5cc7c4dbc384eb9df8c29165c7,,,first_capture,raw/hf.papers.daily.backfill/2026/09/20260913T193729Z-3c0209dd15bc.json.gz,,"backfill of 2023-07-27; upvotes are as-of-fetch, not as-of-date"
hf.papers.daily.backfill,https://huggingface.co/api/daily_papers?date=2023-07-28,2026-09-13T19:37:31Z,200,application/json,27313,dd53332124127a9a3807535780172b6d5d076196a42db0a830a1d5e9e85bf686,,,first_capture,raw/hf.papers.daily.backfill/2026/09/20260913T193731Z-dd5333212412.json.gz,,"backfill of 2023-07-28; upvotes are as-of-fetch, not as-of-date"
hf.papers.daily.backfill,https://huggingface.co/api/daily_papers?date=2023-07-31,2026-09-13T19:37:36Z,200,application/json,50599,31bbd59c3f7dac9212da0078bc68929578b6162f860aa2bbb4634bd0856d21ae,,,first_capture,raw/hf.papers.daily.backfill/2026/09/20260913T193736Z-31bbd59c3f7d.json.gz,,"backfill of 2023-07-31; upvotes are as-of-fetch, not as-of-date"
hf.papers.daily.backfill,https://huggingface.co/api/daily_papers?date=2023-08-01,2026-09-13T19:37:37Z,200,application/json,75539,fd57fc5ba10a901f5400c5168df8aa5ba17e2ebae993259d8f3005f7ef1ea70a,,,first_capture,raw/hf.papers.daily.backfill/2026/09/20260913T193737Z-fd57fc5ba10a.json.gz,,"backfill of 2023-08-01; upvotes are as-of-fetch, not as-of-date"
hf.papers.daily.backfill,https://huggingface.co/api/daily_papers?date=2023-08-02,2026-09-13T19:37:39Z,200,application/json,28029,ca896db89be225bdf2b0659f62f0adb72c19bce4e65fe44d9f7d25bd6f24510d,,,first_capture,raw/hf.papers.daily.backfill/2026/09/20260913T193739Z-ca896db89be2.json.gz,,"backfill of 2023-08-02; upvotes are as-of-fetch, not as-of-date"
hf.papers.daily.backfill,https://huggingface.co/api/daily_papers?date=2023-08-03,2026-09-13T19:37:40Z,200,application/json,38257,990cdc461f62bce6a104a1e89d0c5bea8514007ef13fe1070333ee4361aeb4c1,,,first_capture,raw/hf.papers.daily.backfill/2026/09/20260913T193740Z-990cdc461f62.json.gz,,"backfill of 2023-08-03; upvotes are as-of-fetch, not as-of-date"
hf.papers.daily.backfill,https://huggingface.co/api/daily_papers?date=2023-08-04,2026-09-13T19:37:42Z,200,application/json,61197,d31ce6935900e5c2bd644ccfc85cc396d3a756acebf0fad8ad672013b2acb1f1,,,first_capture,raw/hf.papers.daily.backfill/2026/09/20260913T193742Z-d31ce6935900.json.gz,,"backfill of 2023-08-04; upvotes are as-of-fetch, not as-of-date"
hf.papers.daily.backfill,https://huggingface.co/api/daily_papers?date=2023-08-07,2026-09-13T19:37:47Z,200,application/json,38727,d2239858e5b34e570c8e7ff662d8dfe7073fd3c53de40e090ceb89efee1a2415,,,first_capture,raw/hf.papers.daily.backfill/2026/09/20260913T193747Z-d2239858e5b3.json.gz,,"backfill of 2023-08-07; upvotes are as-of-fetch, not as-of-date"
hf.papers.daily.backfill,https://huggingface.co/api/daily_papers?date=2023-08-08,2026-09-13T19:37:48Z,200,application/json,93023,79a62fa72baf461883891f6b77c3dcb9ee4851ce2537206a27b7e99c1c3de4b8,,,first_capture,raw/hf.papers.daily.backfill/2026/09/20260913T193748Z-79a62fa72baf.json.gz,,"backfill of 2023-08-08; upvotes are as-of-fetch, not as-of-date"
hf.papers.daily.backfill,https://huggingface.co/api/daily_papers?date=2023-08-09,2026-09-13T19:37:50Z,200,application/json,27384,5b43fc8740fde7069d688c4ceb28d1e7c359a1424c5a5cbf431a17127c046f98,,,first_capture,raw/hf.papers.daily.backfill/2026/09/20260913T193750Z-5b43fc8740fd.json.gz,,"backfill of 2023-08-09; upvotes are as-of-fetch, not as-of-date"
hf.papers.daily.backfill,https://huggingface.co/api/daily_papers?date=2023-08-10,2026-09-13T19:37:51Z,200,application/json,19795,9f1c5dfc1d6936a6a885b941b513ae0bb33dec239880fc9db029d88c902efac9,,,first_capture,raw/hf.papers.daily.backfill/2026/09/20260913T193751Z-9f1c5dfc1d69.json.gz,,"backfill of 2023-08-10; upvotes are as-of-fetch, not as-of-date"
hf.papers.daily.backfill,https://huggingface.co/api/daily_papers?date=2023-08-11,2026-09-13T19:37:53Z,200,application/json,42859,2e54e23214bc47cf6ac11d253a2bc740ab990183622d1361f0ea8717a5c781f0,,,first_capture,raw/hf.papers.daily.backfill/2026/09/20260913T193753Z-2e54e23214bc.json.gz,,"backfill of 2023-08-11; upvotes are as-of-fetch, not as-of-date"
hf.papers.daily.backfill,https://huggingface.co/api/daily_papers?date=2023-08-14,2026-09-13T19:37:58Z,200,application/json,30407,a001a164549da02568078fb5ed993f123e110e9c82099123ff5866d6ba69e82c,,,first_capture,raw/hf.papers.daily.backfill/2026/09/20260913T193758Z-a001a164549d.json.gz,,"backfill of 2023-08-14; upvotes are as-of-fetch, not as-of-date"
hf.papers.daily.backfill,https://huggingface.co/api/daily_papers?date=2023-08-15,2026-09-13T19:37:59Z,200,application/json,55362,c669c1958e2e6d268646f93cb56ac6edf857cdba9582fe047743943baa3f4019,,,first_capture,raw/hf.papers.daily.backfill/2026/09/20260913T193759Z-c669c1958e2e.json.gz,,"backfill of 2023-08-15; upvotes are as-of-fetch, not as-of-date"
hf.papers.daily.backfill,https://huggingface.co/api/daily_papers?date=2023-08-16,2026-09-13T19:38:01Z,200,application/json,39402,00a37e43ad076a6447bf0ed8b5b17bbc313c58d3bdd8a8c867c9a5c99683562e,,,first_capture,raw/hf.papers.daily.backfill/2026/09/20260913T193801Z-00a37e43ad07.json.gz,,"backfill of 2023-08-16; upvotes are as-of-fetch, not as-of-date"
hf.papers.daily.backfill,https://huggingface.co/api/daily_papers?date=2023-08-17,2026-09-13T19:38:03Z,200,application/json,30664,8c6b1869304eee7f33094914d46006d35767eb04547d806d2b1def754381cc59,,,first_capture,raw/hf.papers.daily.backfill/2026/09/20260913T193803Z-8c6b1869304e.json.gz,,"backfill of 2023-08-17; upvotes are as-of-fetch, not as-of-date"
hf.papers.daily.backfill,https://huggingface.co/api/daily_papers?date=2023-08-28,2026-09-13T19:38:20Z,200,application/json,26785,cb696ace708a501d4c6ed71cdaf7023a74105a988ace9e6e17c7a2a94eaf10a2,,,first_capture,raw/hf.papers.daily.backfill/2026/09/20260913T193820Z-cb696ace708a.json.gz,,"backfill of 2023-08-28; upvotes are as-of-fetch, not as-of-date"
hf.papers.daily.backfill,https://huggingface.co/api/daily_papers?date=2023-08-29,2026-09-13T19:38:21Z,200,application/json,15209,6c53f5a329f3309ac695298a7c3704268543ec451fa7da949ee3cd62fe318046,,,first_capture,raw/hf.papers.daily.backfill/2026/09/20260913T193821Z-6c53f5a329f3.json.gz,,"backfill of 2023-08-29; upvotes are as-of-fetch, not as-of-date"
hf.papers.daily.backfill,https://huggingface.co/api/daily_papers?date=2023-08-31,2026-09-13T19:38:24Z,200,application/json,35987,58a1974c3097cec1b4720490a2906e1c94d4ed49f46063514bbe4803d5787107,,,first_capture,raw/hf.papers.daily.backfill/2026/09/20260913T193824Z-58a1974c3097.json.gz,,"backfill of 2023-08-31; upvotes are as-of-fetch, not as-of-date"
hf.papers.daily.backfill,https://huggingface.co/api/daily_papers?date=2023-09-01,2026-09-13T19:38:26Z,200,application/json,50441,ea43e9765692dbbc0aeb4c2100012e99cebe5f5ead0099423811eb904635ddc8,,,first_capture,raw/hf.papers.daily.backfill/2026/09/20260913T193826Z-ea43e9765692.json.gz,,"backfill of 2023-09-01; upvotes are as-of-fetch, not as-of-date"
hf.papers.daily.backfill,https://huggingface.co/api/daily_papers?date=2023-09-03,2026-09-13T19:38:29Z,200,application/json,32271,6b7b8ab3951987e20bfffcf32f0e1e9040df1414ff8fc755188ccf3babb4a06a,,,first_capture,raw/hf.papers.daily.backfill/2026/09/20260913T193829Z-6b7b8ab39519.json.gz,,"backfill of 2023-09-03; upvotes are as-of-fetch, not as-of-date"
hf.papers.daily.backfill,https://huggingface.co/api/daily_papers?date=2023-09-04,2026-09-13T19:38:31Z,200,application/json,11667,f0c59d1edcbb62df4a1ac243afef6e0be2a57a4d0f92721180d160fc67b30b77,,,first_capture,raw/hf.papers.daily.backfill/2026/09/20260913T193831Z-f0c59d1edcbb.json.gz,,"backfill of 2023-09-04; upvotes are as-of-fetch, not as-of-date"
hf.papers.daily.backfill,https://huggingface.co/api/daily_papers?date=2023-09-06,2026-09-13T19:38:34Z,200,application/json,79793,4917ddd69cddb7e1e77d14e3ed4555b9928b8aef7bb1b1b841f787bc500d61db,,,first_capture,raw/hf.papers.daily.backfill/2026/09/20260913T193834Z-4917ddd69cdd.json.gz,,"backfill of 2023-09-06; upvotes are as-of-fetch, not as-of-date"
hf.papers.daily.backfill,https://huggingface.co/api/daily_papers?date=2023-09-07,2026-09-13T19:38:36Z,200,application/json,47355,b85b0901179bb2c287e3ae3f2377e93282049584f4dae58b2abca7f2c8e06ca6,,,first_capture,raw/hf.papers.daily.backfill/2026/09/20260913T193836Z-b85b0901179b.json.gz,,"backfill of 2023-09-07; upvotes are as-of-fetch, not as-of-date"
hf.papers.daily.backfill,https://huggingface.co/api/daily_papers?date=2023-09-08,2026-09-13T19:38:37Z,200,application/json,74959,b9aabdcbc628a75f2d306cadf863eca14b00fcde3a8f1e6a2aa237480e59535d,,,first_capture,raw/hf.papers.daily.backfill/2026/09/20260913T193837Z-b9aabdcbc628.json.gz,,"backfill of 2023-09-08; upvotes are as-of-fetch, not as-of-date"
hf.papers.daily.backfill,https://huggingface.co/api/daily_papers?date=2023-09-10,2026-09-13T19:38:40Z,200,application/json,10272,5c8d33788947761d040acf9497872fb2b7e2421fa3ae6b3d1ed8c8dc2ef67674,,,first_capture,raw/hf.papers.daily.backfill/2026/09/20260913T193840Z-5c8d33788947.json.gz,,"backfill of 2023-09-10; upvotes are as-of-fetch, not as-of-date"
hf.papers.daily.backfill,https://huggingface.co/api/daily_papers?date=2023-09-11,2026-09-13T19:38:42Z,200,application/json,15882,2a4e141490c20b9234cc35db7bd4d8914180696939e1d5aa8d23250ad59b613c,,,first_capture,raw/hf.papers.daily.backfill/2026/09/20260913T193842Z-2a4e141490c2.json.gz,,"backfill of 2023-09-11; upvotes are as-of-fetch, not as-of-date"
hf.papers.daily.backfill,https://huggingface.co/api/daily_papers?date=2023-09-12,2026-09-13T19:38:44Z,200,application/json,63666,683a440241ab52ba7ba240618d726a4e3e7e28afa2b75b06dd5f997ad5d579a2,,,first_capture,raw/hf.papers.daily.backfill/2026/09/20260913T193844Z-683a440241ab.json.gz,,"backfill of 2023-09-12; upvotes are as-of-fetch, not as-of-date"
hf.papers.daily.backfill,https://huggingface.co/api/daily_papers?date=2023-09-13,2026-09-13T19:38:45Z,200,application/json,39575,6bcdd66a10262b3586ca7d4826a5637aa6419c3eb6a579542c1f454f596241c1,,,first_capture,raw/hf.papers.daily.backfill/2026/09/20260913T193845Z-6bcdd66a1026.json.gz,,"backfill of 2023-09-13; upvotes are as-of-fetch, not as-of-date"
hf.papers.daily.backfill,https://huggingface.co/api/daily_papers?date=2023-09-14,2026-09-13T19:38:47Z,200,application/json,41840,48868b884990374a617d0b6d6c20930348a808d6c8c3846041d0b1ff70887abb,,,first_capture,raw/hf.papers.daily.backfill/2026/09/20260913T193847Z-48868b884990.json.gz,,"backfill of 2023-09-14; upvotes are as-of-fetch, not as-of-date"
hf.papers.daily.backfill,https://huggingface.co/api/daily_papers?date=2023-09-15,2026-09-13T19:38:49Z,200,application/json,43719,f9a399fa50d3b6d0718e39dbc7f7faf31ca8e629c851a884b8488e7f222d340c,,,first_capture,raw/hf.papers.daily.backfill/2026/09/20260913T193849Z-f9a399fa50d3.json.gz,,"backfill of 2023-09-15; upvotes are as-of-fetch, not as-of-date"
hf.papers.daily.backfill,https://huggingface.co/api/daily_papers?date=2023-09-17,2026-09-13T19:38:52Z,200,application/json,26919,494446c0eda6c6d43a8991397c07c042207e6cb82fbecdfc342b8a5ab5dff583,,,first_capture,raw/hf.papers.daily.backfill/2026/09/20260913T193852Z-494446c0eda6.json.gz,,"backfill of 2023-09-17; upvotes are as-of-fetch, not as-of-date"
hf.papers.daily.backfill,https://huggingface.co/api/daily_papers?date=2023-09-18,2026-09-13T19:38:53Z,200,application/json,37407,301cd67cda205cd83f2c0fa14f7e9d516c56e164ca3c2fbbf584bebaafac1e08,,,first_capture,raw/hf.papers.daily.backfill/2026/09/20260913T193853Z-301cd67cda20.json.gz,,"backfill of 2023-09-18; upvotes are as-of-fetch, not as-of-date"
hf.papers.daily.backfill,https://huggingface.co/api/daily_papers?date=2023-09-19,2026-09-13T19:38:55Z,200,application/json,120210,7d40000f8fedc4b8dbadaa72990263f54b847e27765f4aa322fca5e4dfc2f8c4,,,first_capture,raw/hf.papers.daily.backfill/2026/09/20260913T193855Z-7d40000f8fed.json.gz,,"backfill of 2023-09-19; upvotes are as-of-fetch, not as-of-date"
hf.papers.daily.backfill,https://huggingface.co/api/daily_papers?date=2023-09-20,2026-09-13T19:38:57Z,200,application/json,40246,b4b08e125d745ff2ef28add131ea67ef2bfb9432043ca81279994bc3e7708e52,,,first_capture,raw/hf.papers.daily.backfill/2026/09/20260913T193857Z-b4b08e125d74.json.gz,,"backfill of 2023-09-20; upvotes are as-of-fetch, not as-of-date"
hf.papers.daily.backfill,https://huggingface.co/api/daily_papers?date=2023-09-21,2026-09-13T19:38:58Z,200,application/json,52295,ac22b73bb0e4ed13b44b8b96ba17b44906d90bd1b01a186b9046978710f0b431,,,first_capture,raw/hf.papers.daily.backfill/2026/09/20260913T193858Z-ac22b73bb0e4.json.gz,,"backfill of 2023-09-21; upvotes are as-of-fetch, not as-of-date"
hf.papers.daily.backfill,https://huggingface.co/api/daily_papers?date=2023-09-22,2026-09-13T19:39:00Z,200,application/json,52645,6d2ecdcfd2bdd978f9bed2e17974606485e07a19c4cf6ab8b0d58328f445ff2a,,,first_capture,raw/hf.papers.daily.backfill/2026/09/20260913T193900Z-6d2ecdcfd2bd.json.gz,,"backfill of 2023-09-22; upvotes are as-of-fetch, not as-of-date"
hf.papers.daily.backfill,https://huggingface.co/api/daily_papers?date=2023-09-24,2026-09-13T19:39:03Z,200,application/json,8009,29f980a94ae687da7ae322599ea6ba8eb9d78454d58534821850540e3f179fdb,,,first_capture,raw/hf.papers.daily.backfill/2026/09/20260913T193903Z-29f980a94ae6.json.gz,,"backfill of 2023-09-24; upvotes are as-of-fetch, not as-of-date"
hf.papers.daily.backfill,https://huggingface.co/api/daily_papers?date=2023-09-25,2026-09-13T19:39:05Z,200,application/json,23952,ab6bd60d483734861463ef2aa747c9d85f48cabdb663ff31e3fab6916031c732,,,first_capture,raw/hf.papers.daily.backfill/2026/09/20260913T193905Z-ab6bd60d4837.json.gz,,"backfill of 2023-09-25; upvotes are as-of-fetch, not as-of-date"
hf.papers.daily.backfill,https://huggingface.co/api/daily_papers?date=2023-09-26,2026-09-13T19:39:06Z,200,application/json,51289,590e2f3fc31a99e68b9a585d7e19a2b6aa4fab58cd7de68bd245cdd846a94f16,,,first_capture,raw/hf.papers.daily.backfill/2026/09/20260913T193906Z-590e2f3fc31a.json.gz,,"backfill of 2023-09-26; upvotes are as-of-fetch, not as-of-date"
hf.papers.daily.backfill,https://huggingface.co/api/daily_papers?date=2023-09-27,2026-09-13T19:39:08Z,200,application/json,35948,d2e7d63c777399c80620586222f38154dcb6264357402432c0420112934fc95b,,,first_capture,raw/hf.papers.daily.backfill/2026/09/20260913T193908Z-d2e7d63c7773.json.gz,,"backfill of 2023-09-27; upvotes are as-of-fetch, not as-of-date"
hf.papers.daily.backfill,https://huggingface.co/api/daily_papers?date=2023-09-28,2026-09-13T19:39:10Z,200,application/json,58382,e524a12ffebd70caa6d2c5d1ad6c8e3e41632810b5e7c5de47b12d5b2b3877c3,,,first_capture,raw/hf.papers.daily.backfill/2026/09/20260913T193910Z-e524a12ffebd.json.gz,,"backfill of 2023-09-28; upvotes are as-of-fetch, not as-of-date"
hf.papers.daily.backfill,https://huggingface.co/api/daily_papers?date=2023-09-29,2026-09-13T19:39:11Z,200,application/json,101502,a28860f3563b179cbb315cc462b922f94efb5c3ce823f1ea550034f9fc6dfb7a,,,first_capture,raw/hf.papers.daily.backfill/2026/09/20260913T193911Z-a28860f3563b.json.gz,,"backfill of 2023-09-29; upvotes are as-of-fetch, not as-of-date"
hf.papers.daily.backfill,https://huggingface.co/api/daily_papers?date=2023-10-03,2026-09-13T19:39:17Z,200,application/json,18831,49aa39db8ae5edddc84582e13dbe46b552e47969cc5897e0cbe0e5be3efe5673,,,first_capture,raw/hf.papers.daily.backfill/2026/09/20260913T193917Z-49aa39db8ae5.json.gz,,"backfill of 2023-10-03; upvotes are as-of-fetch, not as-of-date"
hf.papers.daily.backfill,https://huggingface.co/api/daily_papers?date=2023-10-04,2026-09-13T19:39:19Z,200,application/json,21866,83e5e73a7b291d7d1619d18fd7394ba5f5c994d7df6044848a568b8d519eaf69,,,first_capture,raw/hf.papers.daily.backfill/2026/09/20260913T193919Z-83e5e73a7b29.json.gz,,"backfill of 2023-10-04; upvotes are as-of-fetch, not as-of-date"
hf.papers.daily.backfill,https://huggingface.co/api/daily_papers?date=2023-10-05,2026-09-13T19:39:21Z,200,application/json,26102,836e75541f7a4a1f92b3af8f91b9df3422b67572c8b1f03f0f9b9067fba42f61,,,first_capture,raw/hf.papers.daily.backfill/2026/09/20260913T193921Z-836e75541f7a.json.gz,,"backfill of 2023-10-05; upvotes are as-of-fetch, not as-of-date"
hf.papers.daily.backfill,https://huggingface.co/api/daily_papers?date=2023-10-06,2026-09-13T19:39:22Z,200,application/json,62820,c8fa08d4aa30a61decc25c4a2ca1d659cbaf2ad122bbaa9da0035c97abe0f53a,,,first_capture,raw/hf.papers.daily.backfill/2026/09/20260913T193922Z-c8fa08d4aa30.json.gz,,"backfill of 2023-10-06; upvotes are as-of-fetch, not as-of-date"
hf.papers.daily.backfill,https://huggingface.co/api/daily_papers?date=2023-10-12,2026-09-13T19:39:32Z,200,application/json,22139,7b3b3eb3c274db492a5373438c5bd72d669ed4ba32176c4913bb3d414b14a01b,,,first_capture,raw/hf.papers.daily.backfill/2026/09/20260913T193932Z-7b3b3eb3c274.json.gz,,"backfill of 2023-10-12; upvotes are as-of-fetch, not as-of-date"
hf.papers.daily.backfill,https://huggingface.co/api/daily_papers?date=2023-10-13,2026-09-13T19:39:33Z,200,application/json,46081,cf4b8c81372116501f7ad54735b922e6a6bb847077778119b092237bb096ccaa,,,first_capture,raw/hf.papers.daily.backfill/2026/09/20260913T193933Z-cf4b8c813721.json.gz,,"backfill of 2023-10-13; upvotes are as-of-fetch, not as-of-date"
hf.papers.daily.backfill,https://huggingface.co/api/daily_papers?date=2023-10-16,2026-09-13T19:39:38Z,200,application/json,46348,50b651bfc8c27ed31a0570d73a69c3d8df50a44a8e402b82d88044e69d96923b,,,first_capture,raw/hf.papers.daily.backfill/2026/09/20260913T193938Z-50b651bfc8c2.json.gz,,"backfill of 2023-10-16; upvotes are as-of-fetch, not as-of-date"
hf.papers.daily.backfill,https://huggingface.co/api/daily_papers?date=2023-10-17,2026-09-13T19:39:40Z,200,application/json,63928,6562feaa13170ae194642a8d0ad62adec38adeaa35bbb003c3684364c5907737,,,first_capture,raw/hf.papers.daily.backfill/2026/09/20260913T193940Z-6562feaa1317.json.gz,,"backfill of 2023-10-17; upvotes are as-of-fetch, not as-of-date"
hf.papers.daily.backfill,https://huggingface.co/api/daily_papers?date=2023-10-18,2026-09-13T19:39:41Z,200,application/json,54053,6cd2c4cc27f2baf491a0dfc9cf68145fea0dd8246ca98c03b8d1a9925e6dafc4,,,first_capture,raw/hf.papers.daily.backfill/2026/09/20260913T193941Z-6cd2c4cc27f2.json.gz,,"backfill of 2023-10-18; upvotes are as-of-fetch, not as-of-date"
hf.papers.daily.backfill,https://huggingface.co/api/daily_papers?date=2023-10-19,2026-09-13T19:39:43Z,200,application/json,17467,7728ce94506cf9a49f4a472ef191ce608ae826268c6a12ed515e9f0728537263,,,first_capture,raw/hf.papers.daily.backfill/2026/09/20260913T193943Z-7728ce94506c.json.gz,,"backfill of 2023-10-19; upvotes are as-of-fetch, not as-of-date"
hf.papers.daily.backfill,https://huggingface.co/api/daily_papers?date=2023-10-20,2026-09-13T19:39:44Z,200,application/json,61951,f80b59b74830aca19854c46deb72edd0864de06834c51f998f94c3009fe8063a,,,first_capture,raw/hf.papers.daily.backfill/2026/09/20260913T193944Z-f80b59b74830.json.gz,,"backfill of 2023-10-20; upvotes are as-of-fetch, not as-of-date"
hf.papers.daily.backfill,https://huggingface.co/api/daily_papers?date=2023-10-23,2026-09-13T19:39:49Z,200,application/json,89652,f0615822ea9dc8fba50a40b4c841fb02b0d42f13a46e0eee0074e598f75f7b71,,,first_capture,raw/hf.papers.daily.backfill/2026/09/20260913T193949Z-f0615822ea9d.json.gz,,"backfill of 2023-10-23; upvotes are as-of-fetch, not as-of-date"
hf.papers.daily.backfill,https://huggingface.co/api/daily_papers?date=2023-10-24,2026-09-13T19:39:51Z,200,application/json,79497,4e7ebec909ceca7e7f6b087e37ff71a7c17b60b3a4fc38a9436d0d1536116ba7,,,first_capture,raw/hf.papers.daily.backfill/2026/09/20260913T193951Z-4e7ebec909ce.json.gz,,"backfill of 2023-10-24; upvotes are as-of-fetch, not as-of-date"
hf.papers.daily.backfill,https://huggingface.co/api/daily_papers?date=2023-10-25,2026-09-13T19:39:52Z,200,application/json,45644,ffec5929508146677eff5d70126298f36fecfce7ee5275561761b8b6838c2c3b,,,first_capture,raw/hf.papers.daily.backfill/2026/09/20260913T193952Z-ffec59295081.json.gz,,"backfill of 2023-10-25; upvotes are as-of-fetch, not as-of-date"
hf.papers.daily.backfill,https://huggingface.co/api/daily_papers?date=2023-10-26,2026-09-13T19:39:54Z,200,application/json,77735,06d9792841e0d588e7781fab99fb0aaa8cd6dae55a52ad3d24eed16381a867c4,,,first_capture,raw/hf.papers.daily.backfill/2026/09/20260913T193954Z-06d9792841e0.json.gz,,"backfill of 2023-10-26; upvotes are as-of-fetch, not as-of-date"
hf.papers.daily.backfill,https://huggingface.co/api/daily_papers?date=2023-10-27,2026-09-13T19:39:56Z,200,application/json,24487,fe6ee27751ca6297c318b9f9194f8e3c52a2226f4f40232968ea072ec374f7fa,,,first_capture,raw/hf.papers.daily.backfill/2026/09/20260913T193956Z-fe6ee27751ca.json.gz,,"backfill of 2023-10-27; upvotes are as-of-fetch, not as-of-date"
hf.papers.daily.backfill,https://huggingface.co/api/daily_papers?date=2023-10-30,2026-09-13T19:40:00Z,200,application/json,62518,e3d279f082156182011bce180603ea66ba2d51b2cba07bb7c99244d43ff98f6e,,,first_capture,raw/hf.papers.daily.backfill/2026/09/20260913T194000Z-e3d279f08215.json.gz,,"backfill of 2023-10-30; upvotes are as-of-fetch, not as-of-date"
hf.papers.daily.backfill,https://huggingface.co/api/daily_papers?date=2023-10-31,2026-09-13T19:40:02Z,200,application/json,63227,6e0864557a84a8f75a2d5d2d26b6e0854c9e3d2309c0b8706b1caa33c0b66494,,,first_capture,raw/hf.papers.daily.backfill/2026/09/20260913T194002Z-6e0864557a84.json.gz,,"backfill of 2023-10-31; upvotes are as-of-fetch, not as-of-date"
hf.papers.daily.backfill,https://huggingface.co/api/daily_papers?date=2023-11-01,2026-09-13T19:40:04Z,200,application/json,76373,4ed89cb6077b6efb8a70197db3562c6efce0097cb7b36dc02be57e502d2ad0bb,,,first_capture,raw/hf.papers.daily.backfill/2026/09/20260913T194004Z-4ed89cb6077b.json.gz,,"backfill of 2023-11-01; upvotes are as-of-fetch, not as-of-date"
hf.papers.daily.backfill,https://huggingface.co/api/daily_papers?date=2023-11-02,2026-09-13T19:40:05Z,200,application/json,48136,eda146df25a543822381649d7cd4c0b4ababd157d21edb7d9e77a4b3aa808f1d,,,first_capture,raw/hf.papers.daily.backfill/2026/09/20260913T194005Z-eda146df25a5.json.gz,,"backfill of 2023-11-02; upvotes are as-of-fetch, not as-of-date"
hf.papers.daily.backfill,https://huggingface.co/api/daily_papers?date=2023-11-03,2026-09-13T19:40:07Z,200,application/json,36824,e3abf042194ea3b1c6d56cdf8bc26c23071da1dbe78fdfc5ef1d9ef78f469ce5,,,first_capture,raw/hf.papers.daily.backfill/2026/09/20260913T194007Z-e3abf042194e.json.gz,,"backfill of 2023-11-03; upvotes are as-of-fetch, not as-of-date"
hf.papers.daily.backfill,https://huggingface.co/api/daily_papers?date=2023-11-06,2026-09-13T19:40:12Z,200,application/json,16976,c53149cd5ce815e83a1527f705ad880d27ab8028a4c315eb81003a622de5ad80,,,first_capture,raw/hf.papers.daily.backfill/2026/09/20260913T194012Z-c53149cd5ce8.json.gz,,"backfill of 2023-11-06; upvotes are as-of-fetch, not as-of-date"
hf.papers.daily.backfill,https://huggingface.co/api/daily_papers?date=2023-11-07,2026-09-13T19:40:14Z,200,application/json,112913,38da9485221fb23caa802397700acfd5f5eb1f1aa66f4977ab84889234aadb13,,,first_capture,raw/hf.papers.daily.backfill/2026/09/20260913T194014Z-38da9485221f.json.gz,,"backfill of 2023-11-07; upvotes are as-of-fetch, not as-of-date"
hf.papers.daily.backfill,https://huggingface.co/api/daily_papers?date=2023-11-08,2026-09-13T19:40:15Z,200,application/json,58416,8983fed62d7955c371ebf8b88f01f66e1c9ae52769cc81b8f42dbcb1998ce5d1,,,first_capture,raw/hf.papers.daily.backfill/2026/09/20260913T194015Z-8983fed62d79.json.gz,,"backfill of 2023-11-08; upvotes are as-of-fetch, not as-of-date"
hf.papers.daily.backfill,https://huggingface.co/api/daily_papers?date=2023-11-09,2026-09-13T19:40:17Z,200,application/json,37078,4db0d3f1ab09b6da4f18004f83d5aacb4d9638fdd4b75f7c2596e865ed4bf26e,,,first_capture,raw/hf.papers.daily.backfill/2026/09/20260913T194017Z-4db0d3f1ab09.json.gz,,"backfill of 2023-11-09; upvotes are as-of-fetch, not as-of-date"
hf.papers.daily.backfill,https://huggingface.co/api/daily_papers?date=2023-11-10,2026-09-13T19:40:18Z,200,application/json,38139,60ed519f635e796d3f2b3f34d759fd42ef1d5985b106bdc3bb0b06f5296ed6cd,,,first_capture,raw/hf.papers.daily.backfill/2026/09/20260913T194018Z-60ed519f635e.json.gz,,"backfill of 2023-11-10; upvotes are as-of-fetch, not as-of-date"
hf.papers.daily.backfill,https://huggingface.co/api/daily_papers?date=2023-11-13,2026-09-13T19:40:23Z,200,application/json,92805,5d3a075fb9ef56253f35bda96f23a730af5afd8937c5dce69925597d83f1bbcb,,,first_capture,raw/hf.papers.daily.backfill/2026/09/20260913T194023Z-5d3a075fb9ef.json.gz,,"backfill of 2023-11-13; upvotes are as-of-fetch, not as-of-date"
hf.papers.daily.backfill,https://huggingface.co/api/daily_papers?date=2023-11-14,2026-09-13T19:40:25Z,200,application/json,101172,0411daf5a4ba89ab81ea680d0e53082eaa728e98e31623d11930631831c8a79a,,,first_capture,raw/hf.papers.daily.backfill/2026/09/20260913T194025Z-0411daf5a4ba.json.gz,,"backfill of 2023-11-14; upvotes are as-of-fetch, not as-of-date"
hf.papers.daily.backfill,https://huggingface.co/api/daily_papers?date=2023-11-15,2026-09-13T19:40:26Z,200,application/json,65985,fdc2d25bcdb92b794d8b6dda98409d500140aa7d7c9521a06af1f2001a40dd42,,,first_capture,raw/hf.papers.daily.backfill/2026/09/20260913T194026Z-fdc2d25bcdb9.json.gz,,"backfill of 2023-11-15; upvotes are as-of-fetch, not as-of-date"
hf.papers.daily.backfill,https://huggingface.co/api/daily_papers?date=2023-11-16,2026-09-13T19:40:28Z,200,application/json,67978,7fb73656b411b730a8a85d9e912040c849c5e2febe86281a391d68d583fa6afa,,,first_capture,raw/hf.papers.daily.backfill/2026/09/20260913T194028Z-7fb73656b411.json.gz,,"backfill of 2023-11-16; upvotes are as-of-fetch, not as-of-date"
hf.papers.daily.backfill,https://huggingface.co/api/daily_papers?date=2023-11-17,2026-09-13T19:40:30Z,200,application/json,55051,c0b9fb85409009f46155d8884c4373e2aeaa5a76695713b4e10aa48b48564713,,,first_capture,raw/hf.papers.daily.backfill/2026/09/20260913T194030Z-c0b9fb854090.json.gz,,"backfill of 2023-11-17; upvotes are as-of-fetch, not as-of-date"
hf.papers.daily.backfill,https://huggingface.co/api/daily_papers?date=2023-11-19,2026-09-13T19:40:33Z,200,application/json,36991,ce00475935754b51904d71a697cb823a4c1ebecb70bee3a1e512e9380cc566f7,,,first_capture,raw/hf.papers.daily.backfill/2026/09/20260913T194033Z-ce0047593575.json.gz,,"backfill of 2023-11-19; upvotes are as-of-fetch, not as-of-date"
hf.papers.daily.backfill,https://huggingface.co/api/daily_papers?date=2023-11-20,2026-09-13T19:40:34Z,200,application/json,33139,2487b484919fe3f190a6281a31f2274cd8059ba810b74890bf774a972ff660ed,,,first_capture,raw/hf.papers.daily.backfill/2026/09/20260913T194034Z-2487b484919f.json.gz,,"backfill of 2023-11-20; upvotes are as-of-fetch, not as-of-date"
hf.papers.daily.backfill,https://huggingface.co/api/daily_papers?date=2023-11-21,2026-09-13T19:40:36Z,200,application/json,87546,e1ae79a5edbe94eccdd3fcba7b1a3fb9268b93d6979b14d7ebdfce8cf957eb0d,,,first_capture,raw/hf.papers.daily.backfill/2026/09/20260913T194036Z-e1ae79a5edbe.json.gz,,"backfill of 2023-11-21; upvotes are as-of-fetch, not as-of-date"
hf.papers.daily.backfill,https://huggingface.co/api/daily_papers?date=2023-11-22,2026-09-13T19:40:38Z,200,application/json,46300,4947d142a03e5f870c776cdc16d37866a614e8c24d455554471a48b795366b44,,,first_capture,raw/hf.papers.daily.backfill/2026/09/20260913T194038Z-4947d142a03e.json.gz,,"backfill of 2023-11-22; upvotes are as-of-fetch, not as-of-date"
hf.papers.daily.backfill,https://huggingface.co/api/daily_papers?date=2023-11-23,2026-09-13T19:40:39Z,200,application/json,56684,acb3c33f25db9006d4a84eb1183d54c19083fba20afa37609f6b091b6c1b0922,,,first_capture,raw/hf.papers.daily.backfill/2026/09/20260913T194039Z-acb3c33f25db.json.gz,,"backfill of 2023-11-23; upvotes are as-of-fetch, not as-of-date"
hf.papers.daily.backfill,https://huggingface.co/api/daily_papers?date=2023-12-03,2026-09-13T19:40:55Z,200,application/json,67813,4c30de17dc931d7b9e58f85094dac0e76cc0a5ade354fdd29018e15f8a118eea,,,first_capture,raw/hf.papers.daily.backfill/2026/09/20260913T194055Z-4c30de17dc93.json.gz,,"backfill of 2023-12-03; upvotes are as-of-fetch, not as-of-date"
hf.papers.daily.backfill,https://huggingface.co/api/daily_papers?date=2023-12-04,2026-09-13T19:40:57Z,200,application/json,51561,a48011f5545141df14a050c89b3d5c7da8f9560080c4b51074d928924febc449,,,first_capture,raw/hf.papers.daily.backfill/2026/09/20260913T194057Z-a48011f55451.json.gz,,"backfill of 2023-12-04; upvotes are as-of-fetch, not as-of-date"
hf.papers.daily.backfill,https://huggingface.co/api/daily_papers?date=2023-12-05,2026-09-13T19:40:58Z,200,application/json,192216,a7a89fa50ae5015034e3361bd63309e78eeef513d018673e1df1b2fff396ccf0,,,first_capture,raw/hf.papers.daily.backfill/2026/09/20260913T194058Z-a7a89fa50ae5.json.gz,,"backfill of 2023-12-05; upvotes are as-of-fetch, not as-of-date"
hf.papers.daily.backfill,https://huggingface.co/api/daily_papers?date=2023-12-06,2026-09-13T19:41:00Z,200,application/json,91856,1f4bd4928c90442b2b1963f155e832847fa1806344750dc48310c93d7c81012c,,,first_capture,raw/hf.papers.daily.backfill/2026/09/20260913T194100Z-1f4bd4928c90.json.gz,,"backfill of 2023-12-06; upvotes are as-of-fetch, not as-of-date"
hf.papers.daily.backfill,https://huggingface.co/api/daily_papers?date=2023-12-07,2026-09-13T19:41:02Z,200,application/json,94488,33590ff2953991dff8dd7e0e9473b78fd1bbf0ea41caf75b2c4ac6d6991922d4,,,first_capture,raw/hf.papers.daily.backfill/2026/09/20260913T194102Z-33590ff29539.json.gz,,"backfill of 2023-12-07; upvotes are as-of-fetch, not as-of-date"
hf.papers.daily.backfill,https://huggingface.co/api/daily_papers?date=2023-12-08,2026-09-13T19:41:04Z,200,application/json,77295,4864a6ee6eab4c7d4e84a5726e92fa222f4ced58d3455a5d3ff1322da9727ebc,,,first_capture,raw/hf.papers.daily.backfill/2026/09/20260913T194104Z-4864a6ee6eab.json.gz,,"backfill of 2023-12-08; upvotes are as-of-fetch, not as-of-date"
hf.papers.daily.backfill,https://huggingface.co/api/daily_papers?date=2023-12-10,2026-09-13T19:41:07Z,200,application/json,13535,4019a7cdcba7a342da072f8227a7af365c830804ef6c6a1599b0ef4c2af6b1e0,,,first_capture,raw/hf.papers.daily.backfill/2026/09/20260913T194107Z-4019a7cdcba7.json.gz,,"backfill of 2023-12-10; upvotes are as-of-fetch, not as-of-date"
hf.papers.daily.backfill,https://huggingface.co/api/daily_papers?date=2023-12-11,2026-09-13T19:41:08Z,200,application/json,45346,2e02198be2623f84317ce59e158e7a513be45afe7d57ee781480033738bd2c96,,,first_capture,raw/hf.papers.daily.backfill/2026/09/20260913T194108Z-2e02198be262.json.gz,,"backfill of 2023-12-11; upvotes are as-of-fetch, not as-of-date"
hf.papers.daily.backfill,https://huggingface.co/api/daily_papers?date=2023-12-12,2026-09-13T19:41:10Z,200,application/json,92641,f10923e7bd31e7a59a294e0c2921b50d7764bde03873fda2375820468cbd06d6,,,first_capture,raw/hf.papers.daily.backfill/2026/09/20260913T194110Z-f10923e7bd31.json.gz,,"backfill of 2023-12-12; upvotes are as-of-fetch, not as-of-date"
hf.papers.daily.backfill,https://huggingface.co/api/daily_papers?date=2023-12-13,2026-09-13T19:41:12Z,200,application/json,102821,5d00f2e972dae933aa6f16e93e801ae642b68ed852d113c1b73561fe92265f97,,,first_capture,raw/hf.papers.daily.backfill/2026/09/20260913T194112Z-5d00f2e972da.json.gz,,"backfill of 2023-12-13; upvotes are as-of-fetch, not as-of-date"
hf.papers.daily.backfill,https://huggingface.co/api/daily_papers?date=2023-12-14,2026-09-13T19:41:13Z,200,application/json,47538,50539c872a6ff8361329beedcff68c3362aff57b1db8743162b505360f70ccb2,,,first_capture,raw/hf.papers.daily.backfill/2026/09/20260913T194113Z-50539c872a6f.json.gz,,"backfill of 2023-12-14; upvotes are as-of-fetch, not as-of-date"
hf.papers.daily.backfill,https://huggingface.co/api/daily_papers?date=2023-12-15,2026-09-13T19:41:15Z,200,application/json,108707,e07dd26b4e8c8f0e2ff04972d26c3d39f25b2e69d234ac45d3ac32deb0f30c46,,,first_capture,raw/hf.papers.daily.backfill/2026/09/20260913T194115Z-e07dd26b4e8c.json.gz,,"backfill of 2023-12-15; upvotes are as-of-fetch, not as-of-date"
hf.papers.daily.backfill,https://huggingface.co/api/daily_papers?date=2023-12-17,2026-09-13T19:41:18Z,200,application/json,17739,833bcda48a7235992615b68073c47fb346b0c1a155906f4575dd323b0bc537b2,,,first_capture,raw/hf.papers.daily.backfill/2026/09/20260913T194118Z-833bcda48a72.json.gz,,"backfill of 2023-12-17; upvotes are as-of-fetch, not as-of-date"
hf.papers.daily.backfill,https://huggingface.co/api/daily_papers?date=2023-12-18,2026-09-13T19:41:20Z,200,application/json,67030,fe6ea1b0ce6276ee24f485fc2bf121338f4c60aeb3b00a255ed45885c1a7f255,,,first_capture,raw/hf.papers.daily.backfill/2026/09/20260913T194120Z-fe6ea1b0ce62.json.gz,,"backfill of 2023-12-18; upvotes are as-of-fetch, not as-of-date"
hf.papers.daily.backfill,https://huggingface.co/api/daily_papers?date=2023-12-19,2026-09-13T19:41:22Z,200,application/json,207334,4f21eb35bf8123041e6596e7a56c4b35d7f55cb396dfd36b2bb8f8ca7920abc4,,,first_capture,raw/hf.papers.daily.backfill/2026/09/20260913T194122Z-4f21eb35bf81.json.gz,,"backfill of 2023-12-19; upvotes are as-of-fetch, not as-of-date"
hf.papers.daily.backfill,https://huggingface.co/api/daily_papers?date=2023-12-20,2026-09-13T19:41:23Z,200,application/json,65899,5a4908cedd134cdc75af6f098bf6f0277d59e98413802b2fa322df3d2741bf95,,,first_capture,raw/hf.papers.daily.backfill/2026/09/20260913T194123Z-5a4908cedd13.json.gz,,"backfill of 2023-12-20; upvotes are as-of-fetch, not as-of-date"
hf.papers.daily.backfill,https://huggingface.co/api/daily_papers?date=2023-12-21,2026-09-13T19:41:25Z,200,application/json,135697,412ab5c6b04cbede8f478442e2bea36363ecedb1a024241d7764ffdb12b527b4,,,first_capture,raw/hf.papers.daily.backfill/2026/09/20260913T194125Z-412ab5c6b04c.json.gz,,"backfill of 2023-12-21; upvotes are as-of-fetch, not as-of-date"
hf.papers.daily.backfill,https://huggingface.co/api/daily_papers?date=2023-12-22,2026-09-13T19:41:27Z,200,application/json,55478,cb60e16eb8c52c0e5d59aab434fa8f9dacabd7d71fbe22a2ef935b7c10b3822f,,,first_capture,raw/hf.papers.daily.backfill/2026/09/20260913T194127Z-cb60e16eb8c5.json.gz,,"backfill of 2023-12-22; upvotes are as-of-fetch, not as-of-date"
hf.papers.daily.backfill,https://huggingface.co/api/daily_papers?date=2023-12-26,2026-09-13T19:41:33Z,200,application/json,88623,44dd62060066d1210315ad5f95669fa9ada7897928e391152696e2958075bee6,,,first_capture,raw/hf.papers.daily.backfill/2026/09/20260913T194133Z-44dd62060066.json.gz,,"backfill of 2023-12-26; upvotes are as-of-fetch, not as-of-date"
hf.papers.daily.backfill,https://huggingface.co/api/daily_papers?date=2023-12-27,2026-09-13T19:41:35Z,200,application/json,69918,7a5271fb9c561d99165da2f510aff3bc56b383b763a4b9c683bd2b807ba2e42f,,,first_capture,raw/hf.papers.daily.backfill/2026/09/20260913T194135Z-7a5271fb9c56.json.gz,,"backfill of 2023-12-27; upvotes are as-of-fetch, not as-of-date"
hf.papers.daily.backfill,https://huggingface.co/api/daily_papers?date=2023-12-29,2026-09-13T19:41:38Z,200,application/json,97693,4f390d2207c5d1251f28bb86ae545acb9e5b9484d5e70172d45c4f0a0ae1fe6b,,,first_capture,raw/hf.papers.daily.backfill/2026/09/20260913T194138Z-4f390d2207c5.json.gz,,"backfill of 2023-12-29; upvotes are as-of-fetch, not as-of-date"
hf.papers.daily.backfill,https://huggingface.co/api/daily_papers?date=2024-01-01,2026-09-13T19:41:43Z,200,application/json,26945,47b3043e2e12bd858050d0ed1f2c805b0643e76cba4eb0d2d7f2782f9f76fd4f,,,first_capture,raw/hf.papers.daily.backfill/2026/09/20260913T194143Z-47b3043e2e12.json.gz,,"backfill of 2024-01-01; upvotes are as-of-fetch, not as-of-date"
hf.papers.daily.backfill,https://huggingface.co/api/daily_papers?date=2024-01-02,2026-09-13T19:41:44Z,200,application/json,91379,ae1fdd086a3c25dda5468d9d06984559f410a116c7287ffd8cc894d61d7617cd,,,first_capture,raw/hf.papers.daily.backfill/2026/09/20260913T194144Z-ae1fdd086a3c.json.gz,,"backfill of 2024-01-02; upvotes are as-of-fetch, not as-of-date"
hf.papers.daily.backfill,https://huggingface.co/api/daily_papers?date=2024-01-03,2026-09-13T19:41:46Z,200,application/json,40199,98443ec53fbf3400802951950ce0fe48ca2f5d4c42aa9e40bf97927790c5b5b2,,,first_capture,raw/hf.papers.daily.backfill/2026/09/20260913T194146Z-98443ec53fbf.json.gz,,"backfill of 2024-01-03; upvotes are as-of-fetch, not as-of-date"
hf.papers.daily.backfill,https://huggingface.co/api/daily_papers?date=2024-01-04,2026-09-13T19:41:48Z,200,application/json,29956,313ad5fed900cff81692b7798d1358fc4333f957947b88e5edfb3683c8d54feb,,,first_capture,raw/hf.papers.daily.backfill/2026/09/20260913T194148Z-313ad5fed900.json.gz,,"backfill of 2024-01-04; upvotes are as-of-fetch, not as-of-date"
hf.papers.daily.backfill,https://huggingface.co/api/daily_papers?date=2024-01-05,2026-09-13T19:41:49Z,200,application/json,70893,6acd42225250c048b2d0919fef130856774012bae28727f296367f5ea5ce9642,,,first_capture,raw/hf.papers.daily.backfill/2026/09/20260913T194149Z-6acd42225250.json.gz,,"backfill of 2024-01-05; upvotes are as-of-fetch, not as-of-date"
hf.papers.daily.backfill,https://huggingface.co/api/daily_papers?date=2024-01-07,2026-09-13T19:41:52Z,200,application/json,6274,6a372caf6f0f0528e117686a669dc5179bd4ca1cfe0dfa38ef28302de700b639,,,first_capture,raw/hf.papers.daily.backfill/2026/09/20260913T194152Z-6a372caf6f0f.json.gz,,"backfill of 2024-01-07; upvotes are as-of-fetch, not as-of-date"
hf.papers.daily.backfill,https://huggingface.co/api/daily_papers?date=2024-01-08,2026-09-13T19:41:54Z,200,application/json,45435,1f3718573e0f0dc2e42dfd03b52d8febe15990c5159d18b961033e9100390c8f,,,first_capture,raw/hf.papers.daily.backfill/2026/09/20260913T194154Z-1f3718573e0f.json.gz,,"backfill of 2024-01-08; upvotes are as-of-fetch, not as-of-date"
hf.papers.daily.backfill,https://huggingface.co/api/daily_papers?date=2024-01-09,2026-09-13T19:41:56Z,200,application/json,67032,f85b43c420b5383a87447b4d59c764cd35c0e6ced2f848087f8ad708ace6e1d3,,,first_capture,raw/hf.papers.daily.backfill/2026/09/20260913T194156Z-f85b43c420b5.json.gz,,"backfill of 2024-01-09; upvotes are as-of-fetch, not as-of-date"
hf.papers.daily.backfill,https://huggingface.co/api/daily_papers?date=2024-01-10,2026-09-13T19:41:57Z,200,application/json,50448,1cc67b4dbc3b72d1abbf1df8c523bef382d06ceac11aac894876c9ab32b22b1b,,,first_capture,raw/hf.papers.daily.backfill/2026/09/20260913T194157Z-1cc67b4dbc3b.json.gz,,"backfill of 2024-01-10; upvotes are as-of-fetch, not as-of-date"
hf.papers.daily.backfill,https://huggingface.co/api/daily_papers?date=2024-01-11,2026-09-13T19:41:59Z,200,application/json,89597,c660653844d5662740e5d2a2ef8692668d5d4b9fac856b0888df9de769ba718b,,,first_capture,raw/hf.papers.daily.backfill/2026/09/20260913T194159Z-c660653844d5.json.gz,,"backfill of 2024-01-11; upvotes are as-of-fetch, not as-of-date"
hf.papers.daily.backfill,https://huggingface.co/api/daily_papers?date=2024-01-12,2026-09-13T19:42:01Z,200,application/json,85416,a4b4b91dd3b7c1fd9eef290dc7853f4c5492a51e8186e8998b860d02217b7894,,,first_capture,raw/hf.papers.daily.backfill/2026/09/20260913T194201Z-a4b4b91dd3b7.json.gz,,"backfill of 2024-01-12; upvotes are as-of-fetch, not as-of-date"
hf.papers.daily.backfill,https://huggingface.co/api/daily_papers?date=2024-01-17,2026-09-13T19:42:08Z,200,application/json,55944,999b8189aab4e452b889819a26688dfb4284d8e175ce145ca6fa3f0c9e3d2b0e,,,first_capture,raw/hf.papers.daily.backfill/2026/09/20260913T194208Z-999b8189aab4.json.gz,,"backfill of 2024-01-17; upvotes are as-of-fetch, not as-of-date"
hf.papers.daily.backfill,https://huggingface.co/api/daily_papers?date=2024-01-18,2026-09-13T19:42:10Z,200,application/json,88292,1774a8c4ad4fc6190b7d8e3ac48201614a973975f81a4d4c7de8dcbdd5a94f91,,,first_capture,raw/hf.papers.daily.backfill/2026/09/20260913T194210Z-1774a8c4ad4f.json.gz,,"backfill of 2024-01-18; upvotes are as-of-fetch, not as-of-date"
hf.papers.daily.backfill,https://huggingface.co/api/daily_papers?date=2024-01-19,2026-09-13T19:42:12Z,200,application/json,40911,558546eda7049a73a3a1fe494054738f709786a488a46d842920bd4dddcb3c34,,,first_capture,raw/hf.papers.daily.backfill/2026/09/20260913T194212Z-558546eda704.json.gz,,"backfill of 2024-01-19; upvotes are as-of-fetch, not as-of-date"
hf.papers.daily.backfill,https://huggingface.co/api/daily_papers?date=2024-01-21,2026-09-13T19:42:15Z,200,application/json,12340,bbc33b0c0131be6dcb831cf22f809966c3b762ce6ed1c869409d6ca11758cc44,,,first_capture,raw/hf.papers.daily.backfill/2026/09/20260913T194215Z-bbc33b0c0131.json.gz,,"backfill of 2024-01-21; upvotes are as-of-fetch, not as-of-date"
hf.papers.daily.backfill,https://huggingface.co/api/daily_papers?date=2024-01-22,2026-09-13T19:42:16Z,200,application/json,34583,b3fe0dc545db415e106752b5421f75578b06f56c615bad217e13d002ae3719cd,,,first_capture,raw/hf.papers.daily.backfill/2026/09/20260913T194216Z-b3fe0dc545db.json.gz,,"backfill of 2024-01-22; upvotes are as-of-fetch, not as-of-date"
hf.papers.daily.backfill,https://huggingface.co/api/daily_papers?date=2024-01-23,2026-09-13T19:42:18Z,200,application/json,121614,23a5fb9ba035b5768bd691fbe1da4c0a4047bbb93f1766f2759bba86d5a38009,,,first_capture,raw/hf.papers.daily.backfill/2026/09/20260913T194218Z-23a5fb9ba035.json.gz,,"backfill of 2024-01-23; upvotes are as-of-fetch, not as-of-date"
hf.papers.daily.backfill,https://huggingface.co/api/daily_papers?date=2024-01-24,2026-09-13T19:42:20Z,200,application/json,38345,38013728dadb998fd9c0cd1c6cdd94fb7905594b1b7d43f40db279c678fdaf97,,,first_capture,raw/hf.papers.daily.backfill/2026/09/20260913T194220Z-38013728dadb.json.gz,,"backfill of 2024-01-24; upvotes are as-of-fetch, not as-of-date"
hf.papers.daily.backfill,https://huggingface.co/api/daily_papers?date=2024-01-25,2026-09-13T19:42:21Z,200,application/json,58154,c568c9c226f44afced0daaf04f90f3f6b92c5453e970f6d74bfb52230af33b9f,,,first_capture,raw/hf.papers.daily.backfill/2026/09/20260913T194221Z-c568c9c226f4.json.gz,,"backfill of 2024-01-25; upvotes are as-of-fetch, not as-of-date"
hf.papers.daily.backfill,https://huggingface.co/api/daily_papers?date=2024-01-26,2026-09-13T19:42:23Z,200,application/json,60685,62a7d9d657a6a73c341a6479d5b06eeaee5cebc5595062fd8b53b37caf6acac6,,,first_capture,raw/hf.papers.daily.backfill/2026/09/20260913T194223Z-62a7d9d657a6.json.gz,,"backfill of 2024-01-26; upvotes are as-of-fetch, not as-of-date"
hf.papers.daily.backfill,https://huggingface.co/api/daily_papers?date=2024-01-28,2026-09-13T19:42:26Z,200,application/json,11213,d358179dedaf45505622458322549cad199139d6561aa2e69a1f9e586ca6813b,,,first_capture,raw/hf.papers.daily.backfill/2026/09/20260913T194226Z-d358179dedaf.json.gz,,"backfill of 2024-01-28; upvotes are as-of-fetch, not as-of-date"
hf.papers.daily.backfill,https://huggingface.co/api/daily_papers?date=2024-01-29,2026-09-13T19:42:28Z,200,application/json,34261,0709958fd13ede0735182bd77c3d13a74f28a7a058ddbde1ab9cfd111422c9ed,,,first_capture,raw/hf.papers.daily.backfill/2026/09/20260913T194228Z-0709958fd13e.json.gz,,"backfill of 2024-01-29; upvotes are as-of-fetch, not as-of-date"
hf.papers.daily.backfill,https://huggingface.co/api/daily_papers?date=2024-01-30,2026-09-13T19:42:29Z,200,application/json,74153,50d658e73a8d1b7b21db2f4819c43ff1e59d8da83d5bc6c581dba4021785e5f2,,,first_capture,raw/hf.papers.daily.backfill/2026/09/20260913T194229Z-50d658e73a8d.json.gz,,"backfill of 2024-01-30; upvotes are as-of-fetch, not as-of-date"
hf.papers.daily.backfill,https://huggingface.co/api/daily_papers?date=2024-01-31,2026-09-13T19:42:31Z,200,application/json,91608,5f86f0f08ba9a292b21fec118b7d85877ac5c10d020cd3f8a1b3d2b45e0fd649,,,first_capture,raw/hf.papers.daily.backfill/2026/09/20260913T194231Z-5f86f0f08ba9.json.gz,,"backfill of 2024-01-31; upvotes are as-of-fetch, not as-of-date"
hf.papers.daily.backfill,https://huggingface.co/api/daily_papers?date=2024-02-01,2026-09-13T19:42:32Z,200,application/json,65207,52c96392009fa6099e94092013e477a4ef80610e195b36568710ece4b96490fc,,,first_capture,raw/hf.papers.daily.backfill/2026/09/20260913T194232Z-52c96392009f.json.gz,,"backfill of 2024-02-01; upvotes are as-of-fetch, not as-of-date"
hf.papers.daily.backfill,https://huggingface.co/api/daily_papers?date=2024-02-02,2026-09-13T19:42:34Z,200,application/json,78260,008c67ece469035bec7d33b2412e35d17dddbe9614cb6f9d94edc040141b261a,,,first_capture,raw/hf.papers.daily.backfill/2026/09/20260913T194234Z-008c67ece469.json.gz,,"backfill of 2024-02-02; upvotes are as-of-fetch, not as-of-date"
hf.papers.daily.backfill,https://huggingface.co/api/daily_papers?date=2024-02-05,2026-09-13T19:42:39Z,200,application/json,48662,ea98b2d8784f89121c117ed0c7f1cb98f6c4d3d7a6cec0a7d82cf3ba378f27cf,,,first_capture,raw/hf.papers.daily.backfill/2026/09/20260913T194239Z-ea98b2d8784f.json.gz,,"backfill of 2024-02-05; upvotes are as-of-fetch, not as-of-date"
hf.papers.daily.backfill,https://huggingface.co/api/daily_papers?date=2024-02-06,2026-09-13T19:42:40Z,200,application/json,81835,234b5fb1c9ecba1eeed6077b09649042f72923e1c8fb439ab5b215613493cca1,,,first_capture,raw/hf.papers.daily.backfill/2026/09/20260913T194240Z-234b5fb1c9ec.json.gz,,"backfill of 2024-02-06; upvotes are as-of-fetch, not as-of-date"
hf.papers.daily.backfill,https://huggingface.co/api/daily_papers?date=2024-02-07,2026-09-13T19:42:42Z,200,application/json,83270,3b1ff460ee8846527131b40e738893aa5cda5069a85e8de43c0f347701b1579e,,,first_capture,raw/hf.papers.daily.backfill/2026/09/20260913T194242Z-3b1ff460ee88.json.gz,,"backfill of 2024-02-07; upvotes are as-of-fetch, not as-of-date"
hf.papers.daily.backfill,https://huggingface.co/api/daily_papers?date=2024-02-08,2026-09-13T19:42:44Z,200,application/json,63447,cca24b7cebedded815ce9d6211032687aecc7dca7dcfc872a42587e46d22480e,,,first_capture,raw/hf.papers.daily.backfill/2026/09/20260913T194244Z-cca24b7cebed.json.gz,,"backfill of 2024-02-08; upvotes are as-of-fetch, not as-of-date"
hf.papers.daily.backfill,https://huggingface.co/api/daily_papers?date=2024-02-09,2026-09-13T19:42:45Z,200,application/json,85874,b14fd931426a8d9107cf1792b2010c06e8eef7dfd2895fbdbcde18e10b4f28fe,,,first_capture,raw/hf.papers.daily.backfill/2026/09/20260913T194245Z-b14fd931426a.json.gz,,"backfill of 2024-02-09; upvotes are as-of-fetch, not as-of-date"
hf.papers.daily.backfill,https://huggingface.co/api/daily_papers?date=2024-02-12,2026-09-13T19:42:50Z,200,application/json,89250,df5ba4f49ebbb74cf10d04110f04fc1dad4824450b386c6dc4bce0c8a4cca9a6,,,first_capture,raw/hf.papers.daily.backfill/2026/09/20260913T194250Z-df5ba4f49ebb.json.gz,,"backfill of 2024-02-12; upvotes are as-of-fetch, not as-of-date"
hf.papers.daily.backfill,https://huggingface.co/api/daily_papers?date=2024-02-13,2026-09-13T19:42:52Z,200,application/json,99193,4e8baac74b382935c089ebbd7ae2a28382320bed5af2ef5706ba63d1b583d25f,,,first_capture,raw/hf.papers.daily.backfill/2026/09/20260913T194252Z-4e8baac74b38.json.gz,,"backfill of 2024-02-13; upvotes are as-of-fetch, not as-of-date"
hf.papers.daily.backfill,https://huggingface.co/api/daily_papers?date=2024-02-14,2026-09-13T19:42:54Z,200,application/json,68080,da1991851b2b4417a8ef34aeff9301f5172274580355a81663dafa90c340857b,,,first_capture,raw/hf.papers.daily.backfill/2026/09/20260913T194254Z-da1991851b2b.json.gz,,"backfill of 2024-02-14; upvotes are as-of-fetch, not as-of-date"
hf.papers.daily.backfill,https://huggingface.co/api/daily_papers?date=2024-02-15,2026-09-13T19:42:55Z,200,application/json,53171,30a45aab97a8ac820ca2f76fabefe621ec59114e11240849ddac11b5a4369d0d,,,first_capture,raw/hf.papers.daily.backfill/2026/09/20260913T194255Z-30a45aab97a8.json.gz,,"backfill of 2024-02-15; upvotes are as-of-fetch, not as-of-date"
hf.papers.daily.backfill,https://huggingface.co/api/daily_papers?date=2024-02-16,2026-09-13T19:42:57Z,200,application/json,70987,7b83497939181078679de15649166095d375b4408e5e2773431f23ad8b45bd5d,,,first_capture,raw/hf.papers.daily.backfill/2026/09/20260913T194257Z-7b8349793918.json.gz,,"backfill of 2024-02-16; upvotes are as-of-fetch, not as-of-date"
hf.papers.daily.backfill,https://huggingface.co/api/daily_papers?date=2024-02-19,2026-09-13T19:43:02Z,200,application/json,72856,4085a98a90824d68d9de073ce46a2afea708a052512d63ee4abf3cdb8021791c,,,first_capture,raw/hf.papers.daily.backfill/2026/09/20260913T194302Z-4085a98a9082.json.gz,,"backfill of 2024-02-19; upvotes are as-of-fetch, not as-of-date"
hf.papers.daily.backfill,https://huggingface.co/api/daily_papers?date=2024-02-20,2026-09-13T19:43:04Z,200,application/json,94700,953843476f249ed5bc4e3b52029c300f8051b838d71b4fd86ad83f599968fafe,,,first_capture,raw/hf.papers.daily.backfill/2026/09/20260913T194304Z-953843476f24.json.gz,,"backfill of 2024-02-20; upvotes are as-of-fetch, not as-of-date"
hf.papers.daily.backfill,https://huggingface.co/api/daily_papers?date=2024-02-21,2026-09-13T19:43:05Z,200,application/json,83403,ad4d26a578b0c61d1235411bec2ec67c820fd8ab167538a93e9df502fc00bb8a,,,first_capture,raw/hf.papers.daily.backfill/2026/09/20260913T194305Z-ad4d26a578b0.json.gz,,"backfill of 2024-02-21; upvotes are as-of-fetch, not as-of-date"
hf.papers.daily.backfill,https://huggingface.co/api/daily_papers?date=2024-02-22,2026-09-13T19:43:07Z,200,application/json,63627,8a120d9f5509b5970bf6e1438989f1275ea2248786bfe0b4da279dce3e6686b4,,,first_capture,raw/hf.papers.daily.backfill/2026/09/20260913T194307Z-8a120d9f5509.json.gz,,"backfill of 2024-02-22; upvotes are as-of-fetch, not as-of-date"
hf.papers.daily.backfill,https://huggingface.co/api/daily_papers?date=2024-02-23,2026-09-13T19:43:09Z,200,application/json,98598,01d42d79a9b9754abf92aea0b53ce1d7010bc6d8020bced5054e7798e54a5a0d,,,first_capture,raw/hf.papers.daily.backfill/2026/09/20260913T194309Z-01d42d79a9b9.json.gz,,"backfill of 2024-02-23; upvotes are as-of-fetch, not as-of-date"
hf.papers.daily.backfill,https://huggingface.co/api/daily_papers?date=2024-02-25,2026-09-13T19:43:12Z,200,application/json,18883,89225128aa821d988efe18ecc06c89b6202f4fb8fa2f534303e93632ada38439,,,first_capture,raw/hf.papers.daily.backfill/2026/09/20260913T194312Z-89225128aa82.json.gz,,"backfill of 2024-02-25; upvotes are as-of-fetch, not as-of-date"
hf.papers.daily.backfill,https://huggingface.co/api/daily_papers?date=2024-02-26,2026-09-13T19:43:13Z,200,application/json,56782,516df3971ea92e813323b550bb010e061096f2747fc102bfd08314adcd30cf32,,,first_capture,raw/hf.papers.daily.backfill/2026/09/20260913T194313Z-516df3971ea9.json.gz,,"backfill of 2024-02-26; upvotes are as-of-fetch, not as-of-date"
hf.papers.daily.backfill,https://huggingface.co/api/daily_papers?date=2024-02-27,2026-09-13T19:43:15Z,200,application/json,77452,990738267edd4ffbffb4ffd7ca79f46b6446e9aab83e4e83b41ded969aa35bc6,,,first_capture,raw/hf.papers.daily.backfill/2026/09/20260913T194315Z-990738267edd.json.gz,,"backfill of 2024-02-27; upvotes are as-of-fetch, not as-of-date"
hf.papers.daily.backfill,https://huggingface.co/api/daily_papers?date=2024-02-28,2026-09-13T19:43:17Z,200,application/json,86471,6fb12a94677bffe4c0d07759304e199298eaa9403b68d06b1bc5ec3feda809c5,,,first_capture,raw/hf.papers.daily.backfill/2026/09/20260913T194317Z-6fb12a94677b.json.gz,,"backfill of 2024-02-28; upvotes are as-of-fetch, not as-of-date"
hf.papers.daily.backfill,https://huggingface.co/api/daily_papers?date=2024-03-01,2026-09-13T19:43:20Z,200,application/json,89845,34ff33ab675be1533439b57a322ee978d2cf3c4cad4dd3e8113e673861a6bcd1,,,first_capture,raw/hf.papers.daily.backfill/2026/09/20260913T194320Z-34ff33ab675b.json.gz,,"backfill of 2024-03-01; upvotes are as-of-fetch, not as-of-date"
hf.papers.daily.backfill,https://huggingface.co/api/daily_papers?date=2024-03-04,2026-09-13T19:43:25Z,200,application/json,24777,47a57eb5240cd6c3fd85cd2656bf4df5480f6b4cb0721dff900cfbcf16d348ff,,,first_capture,raw/hf.papers.daily.backfill/2026/09/20260913T194325Z-47a57eb5240c.json.gz,,"backfill of 2024-03-04; upvotes are as-of-fetch, not as-of-date"
hf.papers.daily.backfill,https://huggingface.co/api/daily_papers?date=2024-03-05,2026-09-13T19:43:26Z,200,application/json,85671,ab3d1ab45397cff0ce32891a8ee47638b41867c8d343e259e0c7a94294640c82,,,first_capture,raw/hf.papers.daily.backfill/2026/09/20260913T194326Z-ab3d1ab45397.json.gz,,"backfill of 2024-03-05; upvotes are as-of-fetch, not as-of-date"
hf.papers.daily.backfill,https://huggingface.co/api/daily_papers?date=2024-03-06,2026-09-13T19:43:28Z,200,application/json,61083,cae79bbb1be84eea60717fbe2d2f8ac55e20bae3c0024751b33e7cf335ffc2f9,,,first_capture,raw/hf.papers.daily.backfill/2026/09/20260913T194328Z-cae79bbb1be8.json.gz,,"backfill of 2024-03-06; upvotes are as-of-fetch, not as-of-date"
hf.papers.daily.backfill,https://huggingface.co/api/daily_papers?date=2024-03-07,2026-09-13T19:43:30Z,200,application/json,60371,3e9dc7d780804a67e449bfee312f722debb2be90234b3e3481307a0856d57d23,,,first_capture,raw/hf.papers.daily.backfill/2026/09/20260913T194330Z-3e9dc7d78080.json.gz,,"backfill of 2024-03-07; upvotes are as-of-fetch, not as-of-date"
hf.papers.daily.backfill,https://huggingface.co/api/daily_papers?date=2024-03-08,2026-09-13T19:43:32Z,200,application/json,58066,596350e027c0148c669f1cab123ac60b118418b2e81f63bf9d1322d5f1ce070c,,,first_capture,raw/hf.papers.daily.backfill/2026/09/20260913T194332Z-596350e027c0.json.gz,,"backfill of 2024-03-08; upvotes are as-of-fetch, not as-of-date"
hf.papers.daily.backfill,https://huggingface.co/api/daily_papers?date=2024-03-11,2026-09-13T19:43:36Z,200,application/json,100432,1f0401df5fdf066f852e19039d54f11bf0d21d6565e2d5efa17423013cb485cb,,,first_capture,raw/hf.papers.daily.backfill/2026/09/20260913T194336Z-1f0401df5fdf.json.gz,,"backfill of 2024-03-11; upvotes are as-of-fetch, not as-of-date"
hf.papers.daily.backfill,https://huggingface.co/api/daily_papers?date=2024-03-12,2026-09-13T19:43:38Z,200,application/json,52609,5d16064b37e8aa79ad611731f8e7de8d6b60f3f3598d2dd03cca8b25aee3de6c,,,first_capture,raw/hf.papers.daily.backfill/2026/09/20260913T194338Z-5d16064b37e8.json.gz,,"backfill of 2024-03-12; upvotes are as-of-fetch, not as-of-date"
hf.papers.daily.backfill,https://huggingface.co/api/daily_papers?date=2024-03-13,2026-09-13T19:43:40Z,200,application/json,48990,83d2c9194313e7634e664e96aa8256631806679a8ab415ca95342b9c8e36a362,,,first_capture,raw/hf.papers.daily.backfill/2026/09/20260913T194340Z-83d2c9194313.json.gz,,"backfill of 2024-03-13; upvotes are as-of-fetch, not as-of-date"
hf.papers.daily.backfill,https://huggingface.co/api/daily_papers?date=2024-03-14,2026-09-13T19:43:41Z,200,application/json,79888,f887cb2ed2174a921be5901e3d56c092a241f3bf921c7ee430e770c6ef78033e,,,first_capture,raw/hf.papers.daily.backfill/2026/09/20260913T194341Z-f887cb2ed217.json.gz,,"backfill of 2024-03-14; upvotes are as-of-fetch, not as-of-date"
hf.papers.daily.backfill,https://huggingface.co/api/daily_papers?date=2024-03-15,2026-09-13T19:43:43Z,200,application/json,88292,b43add793df0a4c089270c61617924e340cd8cfc5a2611dbbd1a350238803224,,,first_capture,raw/hf.papers.daily.backfill/2026/09/20260913T194343Z-b43add793df0.json.gz,,"backfill of 2024-03-15; upvotes are as-of-fetch, not as-of-date"
hf.papers.daily.backfill,https://huggingface.co/api/daily_papers?date=2024-03-18,2026-09-13T19:43:48Z,200,application/json,64811,9925b73c99a423fe641a542bce3796599af4dfa245a31763e7e25e4a17876565,,,first_capture,raw/hf.papers.daily.backfill/2026/09/20260913T194348Z-9925b73c99a4.json.gz,,"backfill of 2024-03-18; upvotes are as-of-fetch, not as-of-date"
hf.papers.daily.backfill,https://huggingface.co/api/daily_papers?date=2024-03-19,2026-09-13T19:43:49Z,200,application/json,79080,d206aae5658c6348148d1e02d5302208b94117de15ca9f7412434751e038077d,,,first_capture,raw/hf.papers.daily.backfill/2026/09/20260913T194349Z-d206aae5658c.json.gz,,"backfill of 2024-03-19; upvotes are as-of-fetch, not as-of-date"
hf.papers.daily.backfill,https://huggingface.co/api/daily_papers?date=2024-03-20,2026-09-13T19:43:51Z,200,application/json,81140,37ca3f80db14dd738f49b2ecab4203d303402b7c8d80d95d74e1d3ecbfe2f724,,,first_capture,raw/hf.papers.daily.backfill/2026/09/20260913T194351Z-37ca3f80db14.json.gz,,"backfill of 2024-03-20; upvotes are as-of-fetch, not as-of-date"
hf.papers.daily.backfill,https://huggingface.co/api/daily_papers?date=2024-03-21,2026-09-13T19:43:53Z,200,application/json,107580,a961604f1897caaeede8757b827f70282e9b6f001171d63d8d2e7ab681a086d2,,,first_capture,raw/hf.papers.daily.backfill/2026/09/20260913T194353Z-a961604f1897.json.gz,,"backfill of 2024-03-21; upvotes are as-of-fetch, not as-of-date"
hf.papers.daily.backfill,https://huggingface.co/api/daily_papers?date=2024-03-22,2026-09-13T19:43:54Z,200,application/json,68268,9e56d3a4830c18107170fdc0d36825963751360439a3c583b3b01458a37ceb1f,,,first_capture,raw/hf.papers.daily.backfill/2026/09/20260913T194354Z-9e56d3a4830c.json.gz,,"backfill of 2024-03-22; upvotes are as-of-fetch, not as-of-date"
hf.papers.daily.backfill,https://huggingface.co/api/daily_papers?date=2024-03-24,2026-09-13T19:43:57Z,200,application/json,7683,4a1ad966524d4744896b49fbacd291eede17694013724858fcd9be4433eddb1d,,,first_capture,raw/hf.papers.daily.backfill/2026/09/20260913T194357Z-4a1ad966524d.json.gz,,"backfill of 2024-03-24; upvotes are as-of-fetch, not as-of-date"
hf.papers.daily.backfill,https://huggingface.co/api/daily_papers?date=2024-03-25,2026-09-13T19:43:59Z,200,application/json,71824,d18f63d5b6c173d2a1ad7f37ac806bca7df0fd49b69c410833ab14ba842bcea7,,,first_capture,raw/hf.papers.daily.backfill/2026/09/20260913T194359Z-d18f63d5b6c1.json.gz,,"backfill of 2024-03-25; upvotes are as-of-fetch, not as-of-date"
hf.papers.daily.backfill,https://huggingface.co/api/daily_papers?date=2024-03-26,2026-09-13T19:44:01Z,200,application/json,51906,a4651955d815a999c308fc09c2f9a68e971e0d03cf2e749f21e11d14615ec770,,,first_capture,raw/hf.papers.daily.backfill/2026/09/20260913T194401Z-a4651955d815.json.gz,,"backfill of 2024-03-26; upvotes are as-of-fetch, not as-of-date"
hf.papers.daily.backfill,https://huggingface.co/api/daily_papers?date=2024-03-27,2026-09-13T19:44:02Z,200,application/json,65183,3fca4883ed0a91d272c420b6b10e4fce01a48a371091d05473175f646b2c8e9a,,,first_capture,raw/hf.papers.daily.backfill/2026/09/20260913T194402Z-3fca4883ed0a.json.gz,,"backfill of 2024-03-27; upvotes are as-of-fetch, not as-of-date"
hf.papers.daily.backfill,https://huggingface.co/api/daily_papers?date=2024-03-28,2026-09-13T19:44:04Z,200,application/json,51694,0470105df5123c7862f05218a2106ffd684ebb67c2305883f7b975891d93cbd3,,,first_capture,raw/hf.papers.daily.backfill/2026/09/20260913T194404Z-0470105df512.json.gz,,"backfill of 2024-03-28; upvotes are as-of-fetch, not as-of-date"
hf.papers.daily.backfill,https://huggingface.co/api/daily_papers?date=2024-03-29,2026-09-13T19:44:06Z,200,application/json,26154,62f96e970bd451dba2957f59379773e43e23e2efa636f33a8edb0516717fb6c7,,,first_capture,raw/hf.papers.daily.backfill/2026/09/20260913T194406Z-62f96e970bd4.json.gz,,"backfill of 2024-03-29; upvotes are as-of-fetch, not as-of-date"
hf.papers.daily.backfill,https://huggingface.co/api/daily_papers?date=2024-04-01,2026-09-13T19:44:10Z,200,application/json,57146,c4400025adf99f1dcf1010a94b990385d5f478619c1a405d0ab715d28c851436,,,first_capture,raw/hf.papers.daily.backfill/2026/09/20260913T194410Z-c4400025adf9.json.gz,,"backfill of 2024-04-01; upvotes are as-of-fetch, not as-of-date"
hf.papers.daily.backfill,https://huggingface.co/api/daily_papers?date=2024-04-02,2026-09-13T19:44:12Z,200,application/json,76398,50117e1325c54d3c59594c059041e5b24871f8c30fa99287bad57debc297a995,,,first_capture,raw/hf.papers.daily.backfill/2026/09/20260913T194412Z-50117e1325c5.json.gz,,"backfill of 2024-04-02; upvotes are as-of-fetch, not as-of-date"
hf.papers.daily.backfill,https://huggingface.co/api/daily_papers?date=2024-04-03,2026-09-13T19:44:14Z,200,application/json,92350,8b7a0e711cfa4a0d9836a63396b8ea1ac77cb8679f1e7fd09930fbd93ebe2fef,,,first_capture,raw/hf.papers.daily.backfill/2026/09/20260913T194414Z-8b7a0e711cfa.json.gz,,"backfill of 2024-04-03; upvotes are as-of-fetch, not as-of-date"
hf.papers.daily.backfill,https://huggingface.co/api/daily_papers?date=2024-04-04,2026-09-13T19:44:15Z,200,application/json,47172,13d6aa8fef92e1829c06befde7aa68a7c0e6ae7f95b859b063a0d26e30251fce,,,first_capture,raw/hf.papers.daily.backfill/2026/09/20260913T194415Z-13d6aa8fef92.json.gz,,"backfill of 2024-04-04; upvotes are as-of-fetch, not as-of-date"
hf.papers.daily.backfill,https://huggingface.co/api/daily_papers?date=2024-04-05,2026-09-13T19:44:17Z,200,application/json,53379,db69f8f73a4077a863002c6c02fc7aae71a2a01bf63f64c77d3633283b18c586,,,first_capture,raw/hf.papers.daily.backfill/2026/09/20260913T194417Z-db69f8f73a40.json.gz,,"backfill of 2024-04-05; upvotes are as-of-fetch, not as-of-date"
hf.papers.daily.backfill,https://huggingface.co/api/daily_papers?date=2024-04-08,2026-09-13T19:44:21Z,200,application/json,55956,e7cff034700c5eba8232a7c76ea9d42f7661917cbb7f0c9cd93c4414e078e407,,,first_capture,raw/hf.papers.daily.backfill/2026/09/20260913T194421Z-e7cff034700c.json.gz,,"backfill of 2024-04-08; upvotes are as-of-fetch, not as-of-date"
hf.papers.daily.backfill,https://huggingface.co/api/daily_papers?date=2024-04-09,2026-09-13T19:44:23Z,200,application/json,81998,757c6999338c019f2087a5cf1be9a41097383068fd4b64f6ae23265a22356384,,,first_capture,raw/hf.papers.daily.backfill/2026/09/20260913T194423Z-757c6999338c.json.gz,,"backfill of 2024-04-09; upvotes are as-of-fetch, not as-of-date"
hf.papers.daily.backfill,https://huggingface.co/api/daily_papers?date=2024-04-10,2026-09-13T19:44:25Z,200,application/json,96212,ccd7d2e60fd4a87731b7ac5d73a47ed590f77f9748360b13c3f03b6cb57486ab,,,first_capture,raw/hf.papers.daily.backfill/2026/09/20260913T194425Z-ccd7d2e60fd4.json.gz,,"backfill of 2024-04-10; upvotes are as-of-fetch, not as-of-date"
hf.papers.daily.backfill,https://huggingface.co/api/daily_papers?date=2024-04-11,2026-09-13T19:44:26Z,200,application/json,53893,6a6d8167098bc358ba3ca8c38a3c97c740ee557b310ba3e964637977cf2df1bc,,,first_capture,raw/hf.papers.daily.backfill/2026/09/20260913T194426Z-6a6d8167098b.json.gz,,"backfill of 2024-04-11; upvotes are as-of-fetch, not as-of-date"
hf.papers.daily.backfill,https://huggingface.co/api/daily_papers?date=2024-04-12,2026-09-13T19:44:28Z,200,application/json,80880,27dc389d869d6dd784c556d927f6c393d194c80af5c85697e544475a2930fdfc,,,first_capture,raw/hf.papers.daily.backfill/2026/09/20260913T194428Z-27dc389d869d.json.gz,,"backfill of 2024-04-12; upvotes are as-of-fetch, not as-of-date"
hf.papers.daily.backfill,https://huggingface.co/api/daily_papers?date=2024-04-15,2026-09-13T19:44:33Z,200,application/json,37342,cda74277a0e2385cd21b5633de6adbb870ae053391055bba619aa28e5f599d88,,,first_capture,raw/hf.papers.daily.backfill/2026/09/20260913T194433Z-cda74277a0e2.json.gz,,"backfill of 2024-04-15; upvotes are as-of-fetch, not as-of-date"
hf.papers.daily.backfill,https://huggingface.co/api/daily_papers?date=2024-04-16,2026-09-13T19:44:34Z,200,application/json,68043,13777940a130bdbbeef5f72bfb0970ae23983daeca09d0c22cb2cabeada5692e,,,first_capture,raw/hf.papers.daily.backfill/2026/09/20260913T194434Z-13777940a130.json.gz,,"backfill of 2024-04-16; upvotes are as-of-fetch, not as-of-date"
hf.papers.daily.backfill,https://huggingface.co/api/daily_papers?date=2024-04-17,2026-09-13T19:44:36Z,200,application/json,15721,9e49c62ad8e92a2ab362964cdaf23f0baad7419c7e1bd175b4b1c7587caf651b,,,first_capture,raw/hf.papers.daily.backfill/2026/09/20260913T194436Z-9e49c62ad8e9.json.gz,,"backfill of 2024-04-17; upvotes are as-of-fetch, not as-of-date"
hf.papers.daily.backfill,https://huggingface.co/api/daily_papers?date=2024-04-18,2026-09-13T19:44:37Z,200,application/json,28421,54d5f8567dc2c129d3e28735982a94c97ab79d53dff7eebf32b4291dd4a7acb8,,,first_capture,raw/hf.papers.daily.backfill/2026/09/20260913T194437Z-54d5f8567dc2.json.gz,,"backfill of 2024-04-18; upvotes are as-of-fetch, not as-of-date"
hf.papers.daily.backfill,https://huggingface.co/api/daily_papers?date=2024-04-19,2026-09-13T19:44:39Z,200,application/json,70692,760b1003fce9030dfe525867e1c99a5a671335b0e3459785e536a22636497503,,,first_capture,raw/hf.papers.daily.backfill/2026/09/20260913T194439Z-760b1003fce9.json.gz,,"backfill of 2024-04-19; upvotes are as-of-fetch, not as-of-date"
hf.papers.daily.backfill,https://huggingface.co/api/daily_papers?date=2024-04-22,2026-09-13T19:44:44Z,200,application/json,41018,53ade4aa5b726380cea1f52fb5e04dd1097e3116dfbf417031928c5943d7c76d,,,first_capture,raw/hf.papers.daily.backfill/2026/09/20260913T194444Z-53ade4aa5b72.json.gz,,"backfill of 2024-04-22; upvotes are as-of-fetch, not as-of-date"
hf.papers.daily.backfill,https://huggingface.co/api/daily_papers?date=2024-04-23,2026-09-13T19:44:45Z,200,application/json,85417,331ff97e3d5af57f198c5246dc6380526dc11bd084d3097db3c7cf5c112274ae,,,first_capture,raw/hf.papers.daily.backfill/2026/09/20260913T194445Z-331ff97e3d5a.json.gz,,"backfill of 2024-04-23; upvotes are as-of-fetch, not as-of-date"
hf.papers.daily.backfill,https://huggingface.co/api/daily_papers?date=2024-04-24,2026-09-13T19:44:47Z,200,application/json,45399,b30bd02e9d627e9295bee8423b609db8cde0cd5ae124dc4ed3f6f5d71227e96a,,,first_capture,raw/hf.papers.daily.backfill/2026/09/20260913T194447Z-b30bd02e9d62.json.gz,,"backfill of 2024-04-24; upvotes are as-of-fetch, not as-of-date"
hf.papers.daily.backfill,https://huggingface.co/api/daily_papers?date=2024-04-25,2026-09-13T19:44:49Z,200,application/json,48885,5a32e10c4a4fdf95a0e86a901b1407059b7da66ef675f9e1c92fb1641ae769a6,,,first_capture,raw/hf.papers.daily.backfill/2026/09/20260913T194449Z-5a32e10c4a4f.json.gz,,"backfill of 2024-04-25; upvotes are as-of-fetch, not as-of-date"
hf.papers.daily.backfill,https://huggingface.co/api/daily_papers?date=2024-04-26,2026-09-13T19:44:50Z,200,application/json,72204,22c62ce2ca36710489619c9f54ac95c6f948f3048c98060af87400c5711cbedc,,,first_capture,raw/hf.papers.daily.backfill/2026/09/20260913T194450Z-22c62ce2ca36.json.gz,,"backfill of 2024-04-26; upvotes are as-of-fetch, not as-of-date"
hf.papers.daily.backfill,https://huggingface.co/api/daily_papers?date=2024-04-28,2026-09-13T19:44:53Z,200,application/json,13820,0c766b8d6a75bb03428e924c24411ed3b9f89e8b5a6c1c1ffa886aaae2714b6c,,,first_capture,raw/hf.papers.daily.backfill/2026/09/20260913T194453Z-0c766b8d6a75.json.gz,,"backfill of 2024-04-28; upvotes are as-of-fetch, not as-of-date"
hf.papers.daily.backfill,https://huggingface.co/api/daily_papers?date=2024-04-29,2026-09-13T19:44:55Z,200,application/json,12253,1c981a3a7d056b7ae4d9b178dd10240c9f0a635866a7bb29ea744680490d7ace,,,first_capture,raw/hf.papers.daily.backfill/2026/09/20260913T194455Z-1c981a3a7d05.json.gz,,"backfill of 2024-04-29; upvotes are as-of-fetch, not as-of-date"
hf.papers.daily.backfill,https://huggingface.co/api/daily_papers?date=2024-04-30,2026-09-13T19:44:57Z,200,application/json,58312,caee300ba2a69b784e73c4994bfadadd5e04ce5311f00cd91f13de9a04a81dad,,,first_capture,raw/hf.papers.daily.backfill/2026/09/20260913T194457Z-caee300ba2a6.json.gz,,"backfill of 2024-04-30; upvotes are as-of-fetch, not as-of-date"
hf.papers.daily.backfill,https://huggingface.co/api/daily_papers?date=2024-05-01,2026-09-13T19:44:59Z,200,application/json,76574,9237b04651e9550bbfdc1ab53728774e010b6e4ba4f4e142e6d12dedce135d81,,,first_capture,raw/hf.papers.daily.backfill/2026/09/20260913T194459Z-9237b04651e9.json.gz,,"backfill of 2024-05-01; upvotes are as-of-fetch, not as-of-date"
hf.papers.daily.backfill,https://huggingface.co/api/daily_papers?date=2024-05-02,2026-09-13T19:45:00Z,200,application/json,55352,b43ddc9c9a5dd9c9b041653e211a7ee6325ec4581786928d2f52aa9bb9bb1ca0,,,first_capture,raw/hf.papers.daily.backfill/2026/09/20260913T194500Z-b43ddc9c9a5d.json.gz,,"backfill of 2024-05-02; upvotes are as-of-fetch, not as-of-date"
hf.papers.daily.backfill,https://huggingface.co/api/daily_papers?date=2024-05-03,2026-09-13T19:45:02Z,200,application/json,49877,553fbb5ff84c069c765aab190686a22aa4b0cb7d5cecb5228496e79061b2d11b,,,first_capture,raw/hf.papers.daily.backfill/2026/09/20260913T194502Z-553fbb5ff84c.json.gz,,"backfill of 2024-05-03; upvotes are as-of-fetch, not as-of-date"
hf.papers.daily.backfill,https://huggingface.co/api/daily_papers?date=2024-05-14,2026-09-13T19:45:19Z,200,application/json,61897,eb5ddf28b8e05a94104222c242a5ebdf26d7f1aa7eae9690aa2eee41ec6cee53,,,first_capture,raw/hf.papers.daily.backfill/2026/09/20260913T194519Z-eb5ddf28b8e0.json.gz,,"backfill of 2024-05-14; upvotes are as-of-fetch, not as-of-date"
hf.papers.daily.backfill,https://huggingface.co/api/daily_papers?date=2024-05-15,2026-09-13T19:45:20Z,200,application/json,54978,0c1d623fd83bf218ac2658c78f8857901b422e4e601e03fd62b0a9ce5845ea23,,,first_capture,raw/hf.papers.daily.backfill/2026/09/20260913T194520Z-0c1d623fd83b.json.gz,,"backfill of 2024-05-15; upvotes are as-of-fetch, not as-of-date"
hf.papers.daily.backfill,https://huggingface.co/api/daily_papers?date=2024-05-16,2026-09-13T19:45:22Z,200,application/json,24826,529c599d90b8f08d7fee57a32eb74ec2bb02e9909ffeaef1fb302b416b195cc5,,,first_capture,raw/hf.papers.daily.backfill/2026/09/20260913T194522Z-529c599d90b8.json.gz,,"backfill of 2024-05-16; upvotes are as-of-fetch, not as-of-date"
hf.papers.daily.backfill,https://huggingface.co/api/daily_papers?date=2024-05-17,2026-09-13T19:45:24Z,200,application/json,46953,1041709a76af7d2afbf967369a3186a3324f3601b9692732c172b72f86920b9e,,,first_capture,raw/hf.papers.daily.backfill/2026/09/20260913T194524Z-1041709a76af.json.gz,,"backfill of 2024-05-17; upvotes are as-of-fetch, not as-of-date"
hf.papers.daily.backfill,https://huggingface.co/api/daily_papers?date=2024-05-20,2026-09-13T19:45:28Z,200,application/json,33782,07e98f61a22b0df995102d7bd3bb78f00151cc78d9710d35c6957ad6bad3d549,,,first_capture,raw/hf.papers.daily.backfill/2026/09/20260913T194528Z-07e98f61a22b.json.gz,,"backfill of 2024-05-20; upvotes are as-of-fetch, not as-of-date"
hf.papers.daily.backfill,https://huggingface.co/api/daily_papers?date=2024-05-21,2026-09-13T19:45:30Z,200,application/json,48530,f5e48098e58d5c8bdd3ace23cfb23614f55825044a77bbc989a076e679e487d8,,,first_capture,raw/hf.papers.daily.backfill/2026/09/20260913T194530Z-f5e48098e58d.json.gz,,"backfill of 2024-05-21; upvotes are as-of-fetch, not as-of-date"
hf.papers.daily.backfill,https://huggingface.co/api/daily_papers?date=2024-05-22,2026-09-13T19:45:32Z,200,application/json,35013,41fdf806505d8deeb19e123ebd733623c6497dab3eb9e917003895cc520f7e02,,,first_capture,raw/hf.papers.daily.backfill/2026/09/20260913T194532Z-41fdf806505d.json.gz,,"backfill of 2024-05-22; upvotes are as-of-fetch, not as-of-date"
hf.papers.daily.backfill,https://huggingface.co/api/daily_papers?date=2024-05-24,2026-09-13T19:45:35Z,200,application/json,98908,98321a84e92e0c9242205e2918343241c378f809ce47d03927c0f399ec2e3ad5,,,first_capture,raw/hf.papers.daily.backfill/2026/09/20260913T194535Z-98321a84e92e.json.gz,,"backfill of 2024-05-24; upvotes are as-of-fetch, not as-of-date"
hf.papers.daily.backfill,https://huggingface.co/api/daily_papers?date=2024-05-27,2026-09-13T19:45:40Z,200,application/json,81005,3e816d04c2287ac48e214d18ac10e41c0eb7ceaf2ef422d4702b3bead51c100a,,,first_capture,raw/hf.papers.daily.backfill/2026/09/20260913T194540Z-3e816d04c228.json.gz,,"backfill of 2024-05-27; upvotes are as-of-fetch, not as-of-date"
hf.papers.daily.backfill,https://huggingface.co/api/daily_papers?date=2024-05-28,2026-09-13T19:45:41Z,200,application/json,104894,d0b064c826e751e90e6dc4f19d449f664abecc2910049d41543b205c65c1462f,,,first_capture,raw/hf.papers.daily.backfill/2026/09/20260913T194541Z-d0b064c826e7.json.gz,,"backfill of 2024-05-28; upvotes are as-of-fetch, not as-of-date"
hf.papers.daily.backfill,https://huggingface.co/api/daily_papers?date=2024-05-29,2026-09-13T19:45:43Z,200,application/json,47807,aff5fc4686e99ec7c3aa251a6babca6771fa594c4b5d7baa9cdc5bd79b81c3cf,,,first_capture,raw/hf.papers.daily.backfill/2026/09/20260913T194543Z-aff5fc4686e9.json.gz,,"backfill of 2024-05-29; upvotes are as-of-fetch, not as-of-date"
hf.papers.daily.backfill,https://huggingface.co/api/daily_papers?date=2024-05-30,2026-09-13T19:45:44Z,200,application/json,85426,d15550fcd53c92764abc47f238084b638ae247eb32d3eb66e6eeca2567fb42c4,,,first_capture,raw/hf.papers.daily.backfill/2026/09/20260913T194544Z-d15550fcd53c.json.gz,,"backfill of 2024-05-30; upvotes are as-of-fetch, not as-of-date"
hf.papers.daily.backfill,https://huggingface.co/api/daily_papers?date=2024-05-31,2026-09-13T19:45:46Z,200,application/json,70729,2d26722c3961a890ae536f89701d92da086a8e9751ba5349fc7009f6058e3cac,,,first_capture,raw/hf.papers.daily.backfill/2026/09/20260913T194546Z-2d26722c3961.json.gz,,"backfill of 2024-05-31; upvotes are as-of-fetch, not as-of-date"
hf.papers.daily.backfill,https://huggingface.co/api/daily_papers?date=2024-06-03,2026-09-13T19:45:51Z,200,application/json,37371,52781440c40091829c458ebdec27f8cb4c16857b984467da2618a7986da6b517,,,first_capture,raw/hf.papers.daily.backfill/2026/09/20260913T194551Z-52781440c400.json.gz,,"backfill of 2024-06-03; upvotes are as-of-fetch, not as-of-date"
hf.papers.daily.backfill,https://huggingface.co/api/daily_papers?date=2024-06-04,2026-09-13T19:45:52Z,200,application/json,40264,0e0be639b6b457e835ad1bf8a18d0cd150e907c31fe3318113296f07287e7c7b,,,first_capture,raw/hf.papers.daily.backfill/2026/09/20260913T194552Z-0e0be639b6b4.json.gz,,"backfill of 2024-06-04; upvotes are as-of-fetch, not as-of-date"
hf.papers.daily.backfill,https://huggingface.co/api/daily_papers?date=2024-06-05,2026-09-13T19:45:54Z,200,application/json,48776,c418e904bccd4ff36cad5cffd9e4c1fe224a7a710667c43d1dc8591e1788a0ff,,,first_capture,raw/hf.papers.daily.backfill/2026/09/20260913T194554Z-c418e904bccd.json.gz,,"backfill of 2024-06-05; upvotes are as-of-fetch, not as-of-date"
hf.papers.daily.backfill,https://huggingface.co/api/daily_papers?date=2024-06-06,2026-09-13T19:45:56Z,200,application/json,71840,a323f589976307aff17612d653ce73e5ed099a388b5e82dee030cf943acc5e4a,,,first_capture,raw/hf.papers.daily.backfill/2026/09/20260913T194556Z-a323f5899763.json.gz,,"backfill of 2024-06-06; upvotes are as-of-fetch, not as-of-date"
hf.papers.daily.backfill,https://huggingface.co/api/daily_papers?date=2024-06-07,2026-09-13T19:45:57Z,200,application/json,62578,cfc8e5250e9a347d41586943008f987b7243e2be76961f2076028f430c61ef31,,,first_capture,raw/hf.papers.daily.backfill/2026/09/20260913T194557Z-cfc8e5250e9a.json.gz,,"backfill of 2024-06-07; upvotes are as-of-fetch, not as-of-date"
hf.papers.daily.backfill,https://huggingface.co/api/daily_papers?date=2024-06-10,2026-09-13T19:46:03Z,200,application/json,63517,467d23a8c1f003e7f137975ecc4660487df3067ad37e747af5b23ba158ae363c,,,first_capture,raw/hf.papers.daily.backfill/2026/09/20260913T194603Z-467d23a8c1f0.json.gz,,"backfill of 2024-06-10; upvotes are as-of-fetch, not as-of-date"
hf.papers.daily.backfill,https://huggingface.co/api/daily_papers?date=2024-06-11,2026-09-13T19:46:05Z,200,application/json,93673,c93e32d74faa97d5da73a5e2dd8acfa3981b2af7b905f7984e77979475d0b17a,,,first_capture,raw/hf.papers.daily.backfill/2026/09/20260913T194605Z-c93e32d74faa.json.gz,,"backfill of 2024-06-11; upvotes are as-of-fetch, not as-of-date"
hf.papers.daily.backfill,https://huggingface.co/api/daily_papers?date=2024-06-12,2026-09-13T19:46:06Z,200,application/json,108575,bb97bdbc299f95d151bee988456d6f32b200233eb1a6ab093b04861d9f3f7609,,,first_capture,raw/hf.papers.daily.backfill/2026/09/20260913T194606Z-bb97bdbc299f.json.gz,,"backfill of 2024-06-12; upvotes are as-of-fetch, not as-of-date"
hf.papers.daily.backfill,https://huggingface.co/api/daily_papers?date=2024-06-13,2026-09-13T19:46:08Z,200,application/json,138393,953d8f7ac733f1fd18fb657fc6ec04beedcb5b4a76f1a462b6e214b26bd4d0a4,,,first_capture,raw/hf.papers.daily.backfill/2026/09/20260913T194608Z-953d8f7ac733.json.gz,,"backfill of 2024-06-13; upvotes are as-of-fetch, not as-of-date"
hf.papers.daily.backfill,https://huggingface.co/api/daily_papers?date=2024-06-14,2026-09-13T19:46:10Z,200,application/json,200099,0bf09426e72c8df6c8997eefcd24786af2e972706dab7d92517e58acfe2c59e4,,,first_capture,raw/hf.papers.daily.backfill/2026/09/20260913T194610Z-0bf09426e72c.json.gz,,"backfill of 2024-06-14; upvotes are as-of-fetch, not as-of-date"
hf.papers.daily.backfill,https://huggingface.co/api/daily_papers?date=2024-06-17,2026-09-13T19:46:15Z,200,application/json,145361,dc3b26dd36779993ff36236b92b1357f699c2f3bc224879ec24b94329e50b5ef,,,first_capture,raw/hf.papers.daily.backfill/2026/09/20260913T194615Z-dc3b26dd3677.json.gz,,"backfill of 2024-06-17; upvotes are as-of-fetch, not as-of-date"
hf.papers.daily.backfill,https://huggingface.co/api/daily_papers?date=2024-06-18,2026-09-13T19:46:17Z,200,application/json,189808,b8e8bc03215132192f2d5a9cd9c8286b42fccfa87d280127fdedafbdbfaba1b9,,,first_capture,raw/hf.papers.daily.backfill/2026/09/20260913T194617Z-b8e8bc032151.json.gz,,"backfill of 2024-06-18; upvotes are as-of-fetch, not as-of-date"
hf.papers.daily.backfill,https://huggingface.co/api/daily_papers?date=2024-06-19,2026-09-13T19:46:19Z,200,application/json,203332,89195f185619b01daee2e603ffc6688415ca256eec6468f951acd8fc692aeb36,,,first_capture,raw/hf.papers.daily.backfill/2026/09/20260913T194619Z-89195f185619.json.gz,,"backfill of 2024-06-19; upvotes are as-of-fetch, not as-of-date"
hf.papers.daily.backfill,https://huggingface.co/api/daily_papers?date=2024-06-20,2026-09-13T19:46:20Z,200,application/json,49042,b46bed0792357bd47a796195ba2733315e3a7bda6efce8103be04806cc17b02d,,,first_capture,raw/hf.papers.daily.backfill/2026/09/20260913T194620Z-b46bed079235.json.gz,,"backfill of 2024-06-20; upvotes are as-of-fetch, not as-of-date"
hf.papers.daily.backfill,https://huggingface.co/api/daily_papers?date=2024-06-21,2026-09-13T19:46:22Z,200,application/json,143080,958272b30c808938790fa8b0a7c688a84524742f9394ffd38a07d0adf4631b09,,,first_capture,raw/hf.papers.daily.backfill/2026/09/20260913T194622Z-958272b30c80.json.gz,,"backfill of 2024-06-21; upvotes are as-of-fetch, not as-of-date"
hf.papers.daily.backfill,https://huggingface.co/api/daily_papers?date=2024-06-24,2026-09-13T19:46:27Z,200,application/json,148205,b086c74b4222b443d5be8e888f89d8e3be652b3cd8f5a0969dab10cc0f4364c7,,,first_capture,raw/hf.papers.daily.backfill/2026/09/20260913T194627Z-b086c74b4222.json.gz,,"backfill of 2024-06-24; upvotes are as-of-fetch, not as-of-date"
hf.papers.daily.backfill,https://huggingface.co/api/daily_papers?date=2024-06-25,2026-09-13T19:46:28Z,200,application/json,158699,37a9e23d6542b929cc3641a99a05a6ea4f423c32d5f8fd1d755a7523ecceca1a,,,first_capture,raw/hf.papers.daily.backfill/2026/09/20260913T194628Z-37a9e23d6542.json.gz,,"backfill of 2024-06-25; upvotes are as-of-fetch, not as-of-date"
hf.papers.daily.backfill,https://huggingface.co/api/daily_papers?date=2024-06-26,2026-09-13T19:46:30Z,200,application/json,119011,c8fb8f4d954886f3d64f30c99bd9303a13147431f193e69f315a8c2c479d86f4,,,first_capture,raw/hf.papers.daily.backfill/2026/09/20260913T194630Z-c8fb8f4d9548.json.gz,,"backfill of 2024-06-26; upvotes are as-of-fetch, not as-of-date"
hf.papers.daily.backfill,https://huggingface.co/api/daily_papers?date=2024-06-27,2026-09-13T19:46:32Z,200,application/json,94432,605ea50944666062404b7a54cb51df2493ad302d068c06f022fe82f1ec9c2a1b,,,first_capture,raw/hf.papers.daily.backfill/2026/09/20260913T194632Z-605ea5094466.json.gz,,"backfill of 2024-06-27; upvotes are as-of-fetch, not as-of-date"
hf.papers.daily.backfill,https://huggingface.co/api/daily_papers?date=2024-06-28,2026-09-13T19:46:33Z,200,application/json,111506,2eff3ce9fe8cc3ef892f430bf1a5fe68e16b28663167208de2bd4659def0a809,,,first_capture,raw/hf.papers.daily.backfill/2026/09/20260913T194633Z-2eff3ce9fe8c.json.gz,,"backfill of 2024-06-28; upvotes are as-of-fetch, not as-of-date"
hf.papers.daily.backfill,https://huggingface.co/api/daily_papers?date=2024-07-01,2026-09-13T19:46:38Z,200,application/json,70373,888f78771a303229c363b5cbf7c24fe7626512993d2023e1a246bf4d9962e41c,,,first_capture,raw/hf.papers.daily.backfill/2026/09/20260913T194638Z-888f78771a30.json.gz,,"backfill of 2024-07-01; upvotes are as-of-fetch, not as-of-date"
hf.papers.daily.backfill,https://huggingface.co/api/daily_papers?date=2024-07-02,2026-09-13T19:46:40Z,200,application/json,172743,18495b3af1eb15935c7d0c563bd623915611f5e663ecca29cdd4a42efdc81281,,,first_capture,raw/hf.papers.daily.backfill/2026/09/20260913T194640Z-18495b3af1eb.json.gz,,"backfill of 2024-07-02; upvotes are as-of-fetch, not as-of-date"
hf.papers.daily.backfill,https://huggingface.co/api/daily_papers?date=2024-07-03,2026-09-13T19:46:42Z,200,application/json,81903,ce20d10368b9f176a4405a988a6686264dec69c4f420fb6470b3a8916787a626,,,first_capture,raw/hf.papers.daily.backfill/2026/09/20260913T194642Z-ce20d10368b9.json.gz,,"backfill of 2024-07-03; upvotes are as-of-fetch, not as-of-date"
hf.papers.daily.backfill,https://huggingface.co/api/daily_papers?date=2024-07-04,2026-09-13T19:46:43Z,200,application/json,58717,97af50508b1e63afe9d731059914f6b0f413068aa69d154a8563b85407545a27,,,first_capture,raw/hf.papers.daily.backfill/2026/09/20260913T194643Z-97af50508b1e.json.gz,,"backfill of 2024-07-04; upvotes are as-of-fetch, not as-of-date"
hf.papers.daily.backfill,https://huggingface.co/api/daily_papers?date=2024-07-05,2026-09-13T19:46:45Z,200,application/json,18649,b8264077497481787bce540067d3f5e9a99c34a9560a3e49b64504a5ae5bce06,,,first_capture,raw/hf.papers.daily.backfill/2026/09/20260913T194645Z-b82640774974.json.gz,,"backfill of 2024-07-05; upvotes are as-of-fetch, not as-of-date"
hf.papers.daily.backfill,https://huggingface.co/api/daily_papers?date=2024-07-08,2026-09-13T19:46:50Z,200,application/json,103421,55d3db5b728340e21f480bd84a59d7798850d84fb1a8a1b7e866394549b3f46a,,,first_capture,raw/hf.papers.daily.backfill/2026/09/20260913T194650Z-55d3db5b7283.json.gz,,"backfill of 2024-07-08; upvotes are as-of-fetch, not as-of-date"
hf.papers.daily.backfill,https://huggingface.co/api/daily_papers?date=2024-07-09,2026-09-13T19:46:51Z,200,application/json,110236,51914e489da4b751865e9fa60373624aa4208c7d133b985f36bc954608a45f9d,,,first_capture,raw/hf.papers.daily.backfill/2026/09/20260913T194651Z-51914e489da4.json.gz,,"backfill of 2024-07-09; upvotes are as-of-fetch, not as-of-date"
hf.papers.daily.backfill,https://huggingface.co/api/daily_papers?date=2024-07-10,2026-09-13T19:46:53Z,200,application/json,97274,a86d80a114248b79ce4802539c6b671dbd3707620dad2dc5bd25474e00004bce,,,first_capture,raw/hf.papers.daily.backfill/2026/09/20260913T194653Z-a86d80a11424.json.gz,,"backfill of 2024-07-10; upvotes are as-of-fetch, not as-of-date"
hf.papers.daily.backfill,https://huggingface.co/api/daily_papers?date=2024-07-11,2026-09-13T19:46:55Z,200,application/json,81616,4e68b9927cfcf34d958f531b0a42d538041d64218e6d4d15c8dcd4c5b512787a,,,first_capture,raw/hf.papers.daily.backfill/2026/09/20260913T194655Z-4e68b9927cfc.json.gz,,"backfill of 2024-07-11; upvotes are as-of-fetch, not as-of-date"
hf.papers.daily.backfill,https://huggingface.co/api/daily_papers?date=2024-07-12,2026-09-13T19:46:57Z,200,application/json,128420,558f50506bbc5da0b22875d84dcc02445efe5e11709ef3359c9cdfe51e118794,,,first_capture,raw/hf.papers.daily.backfill/2026/09/20260913T194657Z-558f50506bbc.json.gz,,"backfill of 2024-07-12; upvotes are as-of-fetch, not as-of-date"
hf.papers.daily.backfill,https://huggingface.co/api/daily_papers?date=2024-07-15,2026-09-13T19:47:01Z,200,application/json,87859,872276a019fa845e0808104b3f1f182f0b02fc334cfb8c26ac7385aa4d2315e7,,,first_capture,raw/hf.papers.daily.backfill/2026/09/20260913T194701Z-872276a019fa.json.gz,,"backfill of 2024-07-15; upvotes are as-of-fetch, not as-of-date"
hf.papers.daily.backfill,https://huggingface.co/api/daily_papers?date=2024-07-16,2026-09-13T19:47:03Z,200,application/json,100617,f94e63b8711cf497eef641ca6587818e328cfbc88c13b5abf407a69d122d70ce,,,first_capture,raw/hf.papers.daily.backfill/2026/09/20260913T194703Z-f94e63b8711c.json.gz,,"backfill of 2024-07-16; upvotes are as-of-fetch, not as-of-date"
hf.papers.daily.backfill,https://huggingface.co/api/daily_papers?date=2024-07-17,2026-09-13T19:47:05Z,200,application/json,110078,1afc3e0be6932f392833aa27d81f39bc53604aefe87fbec5b4199de4d7ddb7e7,,,first_capture,raw/hf.papers.daily.backfill/2026/09/20260913T194705Z-1afc3e0be693.json.gz,,"backfill of 2024-07-17; upvotes are as-of-fetch, not as-of-date"
hf.papers.daily.backfill,https://huggingface.co/api/daily_papers?date=2024-07-18,2026-09-13T19:47:06Z,200,application/json,107021,73d97e2ccb7764c269f41786ba4cadad44ef840b0f2aa0802957705b07063316,,,first_capture,raw/hf.papers.daily.backfill/2026/09/20260913T194706Z-73d97e2ccb77.json.gz,,"backfill of 2024-07-18; upvotes are as-of-fetch, not as-of-date"
hf.papers.daily.backfill,https://huggingface.co/api/daily_papers?date=2024-07-19,2026-09-13T19:47:08Z,200,application/json,86070,c7d0d49254ed7a81973f611045c7c906815b9ff1734280c9c5f305c06df02ac5,,,first_capture,raw/hf.papers.daily.backfill/2026/09/20260913T194708Z-c7d0d49254ed.json.gz,,"backfill of 2024-07-19; upvotes are as-of-fetch, not as-of-date"
hf.papers.daily.backfill,https://huggingface.co/api/daily_papers?date=2024-07-22,2026-09-13T19:47:13Z,200,application/json,105203,264b14cb2931eb5148f8e7d4b36a074792cb8b059bca4cdb6f5c33f80c3987b8,,,first_capture,raw/hf.papers.daily.backfill/2026/09/20260913T194713Z-264b14cb2931.json.gz,,"backfill of 2024-07-22; upvotes are as-of-fetch, not as-of-date"
hf.papers.daily.backfill,https://huggingface.co/api/daily_papers?date=2024-07-23,2026-09-13T19:47:15Z,200,application/json,151546,edcd72477ebfd3842c0bd92f50fe3de8c265d5a85fef05d53ffbd58417a2b474,,,first_capture,raw/hf.papers.daily.backfill/2026/09/20260913T194715Z-edcd72477ebf.json.gz,,"backfill of 2024-07-23; upvotes are as-of-fetch, not as-of-date"
hf.papers.daily.backfill,https://huggingface.co/api/daily_papers?date=2024-07-24,2026-09-13T19:47:16Z,200,application/json,63846,5a4ecccdddbbbb91c0057a2d3484edd71fc38360d154d79511d813409f0dc8ff,,,first_capture,raw/hf.papers.daily.backfill/2026/09/20260913T194716Z-5a4ecccdddbb.json.gz,,"backfill of 2024-07-24; upvotes are as-of-fetch, not as-of-date"
hf.papers.daily.backfill,https://huggingface.co/api/daily_papers?date=2024-07-25,2026-09-13T19:47:18Z,200,application/json,84234,fb0913156889ee74b8761e1b286f8ea7aee486be35f03112f072b9afee9cf825,,,first_capture,raw/hf.papers.daily.backfill/2026/09/20260913T194718Z-fb0913156889.json.gz,,"backfill of 2024-07-25; upvotes are as-of-fetch, not as-of-date"
hf.papers.daily.backfill,https://huggingface.co/api/daily_papers?date=2024-07-26,2026-09-13T19:47:20Z,200,application/json,70501,d33bc0d070a2ec953b217a3a46321823017ef8fc17d5c321e060de435774b554,,,first_capture,raw/hf.papers.daily.backfill/2026/09/20260913T194720Z-d33bc0d070a2.json.gz,,"backfill of 2024-07-26; upvotes are as-of-fetch, not as-of-date"
hf.papers.daily.backfill,https://huggingface.co/api/daily_papers?date=2024-07-29,2026-09-13T19:47:24Z,200,application/json,41703,14a2988f7c1579d67816c7be6b432f5a28a5c46c269038c7edb57eff5bbae6c0,,,first_capture,raw/hf.papers.daily.backfill/2026/09/20260913T194724Z-14a2988f7c15.json.gz,,"backfill of 2024-07-29; upvotes are as-of-fetch, not as-of-date"
hf.papers.daily.backfill,https://huggingface.co/api/daily_papers?date=2024-07-30,2026-09-13T19:47:26Z,200,application/json,127464,a3381b415050710015d13a2342a74d66cd882348200ab163caa60b1165135216,,,first_capture,raw/hf.papers.daily.backfill/2026/09/20260913T194726Z-a3381b415050.json.gz,,"backfill of 2024-07-30; upvotes are as-of-fetch, not as-of-date"
hf.papers.daily.backfill,https://huggingface.co/api/daily_papers?date=2024-07-31,2026-09-13T19:47:27Z,200,application/json,56409,ed49546cc0f9f0ead3649bfcc03a43da30b7e8c0fa65be09c737abbf6f332249,,,first_capture,raw/hf.papers.daily.backfill/2026/09/20260913T194727Z-ed49546cc0f9.json.gz,,"backfill of 2024-07-31; upvotes are as-of-fetch, not as-of-date"
hf.papers.daily.backfill,https://huggingface.co/api/daily_papers?date=2024-08-01,2026-09-13T19:47:29Z,200,application/json,123486,f36dae60a0d4ab84560b399cd955388cba894219726bfad059d7d13a8de774fc,,,first_capture,raw/hf.papers.daily.backfill/2026/09/20260913T194729Z-f36dae60a0d4.json.gz,,"backfill of 2024-08-01; upvotes are as-of-fetch, not as-of-date"
hf.papers.daily.backfill,https://huggingface.co/api/daily_papers?date=2024-08-02,2026-09-13T19:47:31Z,200,application/json,124749,05e00d9685e44a311b21159e3fefc4bcc7b9c334c7360171dd5c7f83e6506a6b,,,first_capture,raw/hf.papers.daily.backfill/2026/09/20260913T194731Z-05e00d9685e4.json.gz,,"backfill of 2024-08-02; upvotes are as-of-fetch, not as-of-date"
hf.papers.daily.backfill,https://huggingface.co/api/daily_papers?date=2024-08-05,2026-09-13T19:47:36Z,200,application/json,48117,34189abbe85bab9988450a19dfdddb96936ccfe4b5dcf148744ebb67857d0f4a,,,first_capture,raw/hf.papers.daily.backfill/2026/09/20260913T194736Z-34189abbe85b.json.gz,,"backfill of 2024-08-05; upvotes are as-of-fetch, not as-of-date"
hf.papers.daily.backfill,https://huggingface.co/api/daily_papers?date=2024-08-06,2026-09-13T19:47:37Z,200,application/json,84936,c5cb72e4908a72bd7c9f77aee68d3a2317b1908103d0ac868dda6dfe2f6c23f1,,,first_capture,raw/hf.papers.daily.backfill/2026/09/20260913T194737Z-c5cb72e4908a.json.gz,,"backfill of 2024-08-06; upvotes are as-of-fetch, not as-of-date"
hf.papers.daily.backfill,https://huggingface.co/api/daily_papers?date=2024-08-07,2026-09-13T19:47:39Z,200,application/json,69598,b50755d2dc9e30350916811e1f5ba8b212fe9d2b30cb6f73a37c5046f1353fa2,,,first_capture,raw/hf.papers.daily.backfill/2026/09/20260913T194739Z-b50755d2dc9e.json.gz,,"backfill of 2024-08-07; upvotes are as-of-fetch, not as-of-date"
hf.papers.daily.backfill,https://huggingface.co/api/daily_papers?date=2024-08-08,2026-09-13T19:47:41Z,200,application/json,75480,09048a9abe2d237fb9030224165b5670cb6174b2845e12677a3a5c116c5c6c77,,,first_capture,raw/hf.papers.daily.backfill/2026/09/20260913T194741Z-09048a9abe2d.json.gz,,"backfill of 2024-08-08; upvotes are as-of-fetch, not as-of-date"
hf.papers.daily.backfill,https://huggingface.co/api/daily_papers?date=2024-08-09,2026-09-13T19:47:42Z,200,application/json,86451,58094908292d367848b0851a7b4950ff7ddc0ee92e469542862bcdb61d7b3fb2,,,first_capture,raw/hf.papers.daily.backfill/2026/09/20260913T194742Z-58094908292d.json.gz,,"backfill of 2024-08-09; upvotes are as-of-fetch, not as-of-date"
hf.papers.daily.backfill,https://huggingface.co/api/daily_papers?date=2024-08-12,2026-09-13T19:47:47Z,200,application/json,58766,961638f1502b4f27a27153156fb48be9706968db47a41366bc19b6119f441aea,,,first_capture,raw/hf.papers.daily.backfill/2026/09/20260913T194747Z-961638f1502b.json.gz,,"backfill of 2024-08-12; upvotes are as-of-fetch, not as-of-date"
hf.papers.daily.backfill,https://huggingface.co/api/daily_papers?date=2024-08-13,2026-09-13T19:47:49Z,200,application/json,72058,8139c8f2b99fd73266f16bb6f0f8c3910cfbe6003ebf81ae9e6521f72ae78557,,,first_capture,raw/hf.papers.daily.backfill/2026/09/20260913T194749Z-8139c8f2b99f.json.gz,,"backfill of 2024-08-13; upvotes are as-of-fetch, not as-of-date"
hf.papers.daily.backfill,https://huggingface.co/api/daily_papers?date=2024-08-14,2026-09-13T19:47:50Z,200,application/json,107433,9d5f4abd03be850e145aaa555f0b931bda471ac690d3177e0d089bc8d91430df,,,first_capture,raw/hf.papers.daily.backfill/2026/09/20260913T194750Z-9d5f4abd03be.json.gz,,"backfill of 2024-08-14; upvotes are as-of-fetch, not as-of-date"
hf.papers.daily.backfill,https://huggingface.co/api/daily_papers?date=2024-08-15,2026-09-13T19:47:52Z,200,application/json,41663,b1b4452e572fb1d4c18143c51ad714b55e9f8eda247033849a04aea269ea3e92,,,first_capture,raw/hf.papers.daily.backfill/2026/09/20260913T194752Z-b1b4452e572f.json.gz,,"backfill of 2024-08-15; upvotes are as-of-fetch, not as-of-date"
hf.papers.daily.backfill,https://huggingface.co/api/daily_papers?date=2024-08-16,2026-09-13T19:47:53Z,200,application/json,73159,50773546749ad35939f97afc28d4c312643e929f3f1976d63ab33c71c6a65d24,,,first_capture,raw/hf.papers.daily.backfill/2026/09/20260913T194753Z-50773546749a.json.gz,,"backfill of 2024-08-16; upvotes are as-of-fetch, not as-of-date"
hf.papers.daily.backfill,https://huggingface.co/api/daily_papers?date=2024-08-19,2026-09-13T19:47:58Z,200,application/json,41597,538c5d44eebf2e3e70c04cae20b81f252f7e7dd90252f360aca588d6ee433352,,,first_capture,raw/hf.papers.daily.backfill/2026/09/20260913T194758Z-538c5d44eebf.json.gz,,"backfill of 2024-08-19; upvotes are as-of-fetch, not as-of-date"
hf.papers.daily.backfill,https://huggingface.co/api/daily_papers?date=2024-08-20,2026-09-13T19:48:00Z,200,application/json,63241,21b79f9595a8c468da262879842187ae7daedd7f05b7fa4c2ce78a5414813f6e,,,first_capture,raw/hf.papers.daily.backfill/2026/09/20260913T194800Z-21b79f9595a8.json.gz,,"backfill of 2024-08-20; upvotes are as-of-fetch, not as-of-date"
hf.papers.daily.backfill,https://huggingface.co/api/daily_papers?date=2024-08-21,2026-09-13T19:48:01Z,200,application/json,80147,3e9df849ab45aab345af87b027c2bbe266c8076dce67f7ca1332cad9e6e2983a,,,first_capture,raw/hf.papers.daily.backfill/2026/09/20260913T194801Z-3e9df849ab45.json.gz,,"backfill of 2024-08-21; upvotes are as-of-fetch, not as-of-date"
hf.papers.daily.backfill,https://huggingface.co/api/daily_papers?date=2024-08-22,2026-09-13T19:48:03Z,200,application/json,64702,508d973bc0d7b361bc1f51f1ba4f66eb41bf5dd3b12d9b8a5072ba2b9a931ca7,,,first_capture,raw/hf.papers.daily.backfill/2026/09/20260913T194803Z-508d973bc0d7.json.gz,,"backfill of 2024-08-22; upvotes are as-of-fetch, not as-of-date"
hf.papers.daily.backfill,https://huggingface.co/api/daily_papers?date=2024-08-23,2026-09-13T19:48:05Z,200,application/json,120470,897b28363f798d1a64c823599ee6a412598438f8b3d5feb3452e9fc5de9c9852,,,first_capture,raw/hf.papers.daily.backfill/2026/09/20260913T194805Z-897b28363f79.json.gz,,"backfill of 2024-08-23; upvotes are as-of-fetch, not as-of-date"
hf.papers.daily.backfill,https://huggingface.co/api/daily_papers?date=2024-08-26,2026-09-13T19:48:09Z,200,application/json,64610,0e9263e25661112762efe7f07c10be614e06ac21655576b315cadbeffdcb3446,,,first_capture,raw/hf.papers.daily.backfill/2026/09/20260913T194809Z-0e9263e25661.json.gz,,"backfill of 2024-08-26; upvotes are as-of-fetch, not as-of-date"
hf.papers.daily.backfill,https://huggingface.co/api/daily_papers?date=2024-08-27,2026-09-13T19:48:11Z,200,application/json,94927,fa6a4add5133c89282f22b78c93bf4c7df979bdd71aaea56b62dee486238a361,,,first_capture,raw/hf.papers.daily.backfill/2026/09/20260913T194811Z-fa6a4add5133.json.gz,,"backfill of 2024-08-27; upvotes are as-of-fetch, not as-of-date"
hf.papers.daily.backfill,https://huggingface.co/api/daily_papers?date=2024-08-28,2026-09-13T19:48:13Z,200,application/json,64871,4c2a9c58b72326e26806945a611d816121953ed0e1aaa5d199e4527ae4fe42d1,,,first_capture,raw/hf.papers.daily.backfill/2026/09/20260913T194813Z-4c2a9c58b723.json.gz,,"backfill of 2024-08-28; upvotes are as-of-fetch, not as-of-date"
hf.papers.daily.backfill,https://huggingface.co/api/daily_papers?date=2024-08-29,2026-09-13T19:48:14Z,200,application/json,85960,23eca10bcb478ab859d9063acc15a3f5171e6b9340e1a8bcb6e9f2a492c427fe,,,first_capture,raw/hf.papers.daily.backfill/2026/09/20260913T194814Z-23eca10bcb47.json.gz,,"backfill of 2024-08-29; upvotes are as-of-fetch, not as-of-date"
hf.papers.daily.backfill,https://huggingface.co/api/daily_papers?date=2024-08-30,2026-09-13T19:48:16Z,200,application/json,70807,5af68b1ec14c96109ef771d0efaffde244d37e6b93f331be700594e090bb4e6e,,,first_capture,raw/hf.papers.daily.backfill/2026/09/20260913T194816Z-5af68b1ec14c.json.gz,,"backfill of 2024-08-30; upvotes are as-of-fetch, not as-of-date"
hf.papers.daily.backfill,https://huggingface.co/api/daily_papers?date=2024-09-02,2026-09-13T19:48:21Z,200,application/json,100930,4b17780c329c53ac68c5304f3c5512b5b2021aa6e0902a9c8b432c998661d90a,,,first_capture,raw/hf.papers.daily.backfill/2026/09/20260913T194821Z-4b17780c329c.json.gz,,"backfill of 2024-09-02; upvotes are as-of-fetch, not as-of-date"
hf.papers.daily.backfill,https://huggingface.co/api/daily_papers?date=2024-09-03,2026-09-13T19:48:22Z,200,application/json,11804,a39c414f0b42f95bfd4016a586110a9b0130099555ad03e286f9bb35410d10ea,,,first_capture,raw/hf.papers.daily.backfill/2026/09/20260913T194822Z-a39c414f0b42.json.gz,,"backfill of 2024-09-03; upvotes are as-of-fetch, not as-of-date"
hf.papers.daily.backfill,https://huggingface.co/api/daily_papers?date=2024-09-04,2026-09-13T19:48:24Z,200,application/json,118969,70a0758f6f4f37ffe9c03fdb69ae155cd4177fe536d800a8046e7974cafcc117,,,first_capture,raw/hf.papers.daily.backfill/2026/09/20260913T194824Z-70a0758f6f4f.json.gz,,"backfill of 2024-09-04; upvotes are as-of-fetch, not as-of-date"
hf.papers.daily.backfill,https://huggingface.co/api/daily_papers?date=2024-09-05,2026-09-13T19:48:26Z,200,application/json,48379,5285b27f151ce88a3b4f934571e46e702eee0b2d47d0bafe88910f8ffb76d38a,,,first_capture,raw/hf.papers.daily.backfill/2026/09/20260913T194826Z-5285b27f151c.json.gz,,"backfill of 2024-09-05; upvotes are as-of-fetch, not as-of-date"
hf.papers.daily.backfill,https://huggingface.co/api/daily_papers?date=2024-09-06,2026-09-13T19:48:28Z,200,application/json,78345,ecdfae00c9268fb0e553fa8a1040d2648103e0df3509c89f57578e51bb408830,,,first_capture,raw/hf.papers.daily.backfill/2026/09/20260913T194828Z-ecdfae00c926.json.gz,,"backfill of 2024-09-06; upvotes are as-of-fetch, not as-of-date"
hf.papers.daily.backfill,https://huggingface.co/api/daily_papers?date=2024-09-09,2026-09-13T19:48:32Z,200,application/json,42307,b1e754add1600e11d7445af135f00b52211a4c20cc65d91feda5599ba5e7ddd4,,,first_capture,raw/hf.papers.daily.backfill/2026/09/20260913T194832Z-b1e754add160.json.gz,,"backfill of 2024-09-09; upvotes are as-of-fetch, not as-of-date"
hf.papers.daily.backfill,https://huggingface.co/api/daily_papers?date=2024-09-10,2026-09-13T19:48:34Z,200,application/json,74120,85d777e7a6596603add9917de9fa04c8588a88b70604d9515ce35761e2ebb1b4,,,first_capture,raw/hf.papers.daily.backfill/2026/09/20260913T194834Z-85d777e7a659.json.gz,,"backfill of 2024-09-10; upvotes are as-of-fetch, not as-of-date"
hf.papers.daily.backfill,https://huggingface.co/api/daily_papers?date=2024-09-11,2026-09-13T19:48:36Z,200,application/json,41171,d9c35fac0beadbdc2425344691ea71663308d5a79d768998e98eda12bbf7d4a8,,,first_capture,raw/hf.papers.daily.backfill/2026/09/20260913T194836Z-d9c35fac0bea.json.gz,,"backfill of 2024-09-11; upvotes are as-of-fetch, not as-of-date"
hf.papers.daily.backfill,https://huggingface.co/api/daily_papers?date=2024-09-12,2026-09-13T19:48:37Z,200,application/json,79614,5ca2c98bebf00d260458bef589440d10b0b457f54a0a0cfbb5025ce1d5a168e9,,,first_capture,raw/hf.papers.daily.backfill/2026/09/20260913T194837Z-5ca2c98bebf0.json.gz,,"backfill of 2024-09-12; upvotes are as-of-fetch, not as-of-date"
hf.papers.daily.backfill,https://huggingface.co/api/daily_papers?date=2024-09-13,2026-09-13T19:48:39Z,200,application/json,58748,5cd214820cea02b80f1e96924fa947aa996121118b0c7c2e97d8f46db7699434,,,first_capture,raw/hf.papers.daily.backfill/2026/09/20260913T194839Z-5cd214820cea.json.gz,,"backfill of 2024-09-13; upvotes are as-of-fetch, not as-of-date"
hf.papers.daily.backfill,https://huggingface.co/api/daily_papers?date=2024-09-16,2026-09-13T19:48:44Z,200,application/json,39373,1c3cc73b74c669f5f469f804671fbafb3bc59afe6ba64b195a35e7720ea2fb89,,,first_capture,raw/hf.papers.daily.backfill/2026/09/20260913T194844Z-1c3cc73b74c6.json.gz,,"backfill of 2024-09-16; upvotes are as-of-fetch, not as-of-date"
hf.papers.daily.backfill,https://huggingface.co/api/daily_papers?date=2024-09-17,2026-09-13T19:48:45Z,200,application/json,90612,65e9670b95fa2af21d5e1f8cde6c6f00eafe9deec677d93d103e9e3ee7865cbf,,,first_capture,raw/hf.papers.daily.backfill/2026/09/20260913T194845Z-65e9670b95fa.json.gz,,"backfill of 2024-09-17; upvotes are as-of-fetch, not as-of-date"
hf.papers.daily.backfill,https://huggingface.co/api/daily_papers?date=2024-09-18,2026-09-13T19:48:47Z,200,application/json,94786,913a1c30aa5794afd967caea574373458fc2f40e7a4a0fddd626f8dff5313233,,,first_capture,raw/hf.papers.daily.backfill/2026/09/20260913T194847Z-913a1c30aa57.json.gz,,"backfill of 2024-09-18; upvotes are as-of-fetch, not as-of-date"
hf.papers.daily.backfill,https://huggingface.co/api/daily_papers?date=2024-09-19,2026-09-13T19:48:49Z,200,application/json,105446,526ac1a14ef09eb88f94a6b6958d16101945f60f778712589143016b0c5b9b89,,,first_capture,raw/hf.papers.daily.backfill/2026/09/20260913T194849Z-526ac1a14ef0.json.gz,,"backfill of 2024-09-19; upvotes are as-of-fetch, not as-of-date"
hf.papers.daily.backfill,https://huggingface.co/api/daily_papers?date=2024-09-20,2026-09-13T19:48:50Z,200,application/json,97839,ca64deee1a1683085c9c40fae65d45d2fbf65869542b4f2c05572fc6dcf51288,,,first_capture,raw/hf.papers.daily.backfill/2026/09/20260913T194850Z-ca64deee1a16.json.gz,,"backfill of 2024-09-20; upvotes are as-of-fetch, not as-of-date"
hf.papers.daily.backfill,https://huggingface.co/api/daily_papers?date=2024-09-23,2026-09-13T19:48:55Z,200,application/json,78244,56f4b8a0334a0329b9ccdba960a1230ac87d724f61df36e6df132b4748c7a96c,,,first_capture,raw/hf.papers.daily.backfill/2026/09/20260913T194855Z-56f4b8a0334a.json.gz,,"backfill of 2024-09-23; upvotes are as-of-fetch, not as-of-date"
hf.papers.daily.backfill,https://huggingface.co/api/daily_papers?date=2024-09-24,2026-09-13T19:48:57Z,200,application/json,79411,a68c3f2eea8aefb7faa7ffd91ac5691c78c18a04b2538481de60f9bd8b4db2d0,,,first_capture,raw/hf.papers.daily.backfill/2026/09/20260913T194857Z-a68c3f2eea8a.json.gz,,"backfill of 2024-09-24; upvotes are as-of-fetch, not as-of-date"
hf.papers.daily.backfill,https://huggingface.co/api/daily_papers?date=2024-09-25,2026-09-13T19:48:58Z,200,application/json,99647,3584ddea721b7fb5dbc686fae8675018b03deafba5d33d285fa7e71dfac8284d,,,first_capture,raw/hf.papers.daily.backfill/2026/09/20260913T194858Z-3584ddea721b.json.gz,,"backfill of 2024-09-25; upvotes are as-of-fetch, not as-of-date"
hf.papers.daily.backfill,https://huggingface.co/api/daily_papers?date=2024-09-26,2026-09-13T19:49:00Z,200,application/json,83588,fb461fbb261b2419274f6a3916e23a748e9cca90eb533f30b8a1f4102566fd49,,,first_capture,raw/hf.papers.daily.backfill/2026/09/20260913T194900Z-fb461fbb261b.json.gz,,"backfill of 2024-09-26; upvotes are as-of-fetch, not as-of-date"
hf.papers.daily.backfill,https://huggingface.co/api/daily_papers?date=2024-09-27,2026-09-13T19:49:02Z,200,application/json,75743,1d16df430db56d60716319a00b566b0ab17d242fa1e12c2703bbf19860369d11,,,first_capture,raw/hf.papers.daily.backfill/2026/09/20260913T194902Z-1d16df430db5.json.gz,,"backfill of 2024-09-27; upvotes are as-of-fetch, not as-of-date"
hf.papers.daily.backfill,https://huggingface.co/api/daily_papers?date=2024-09-30,2026-09-13T19:49:07Z,200,application/json,67105,c0af0df3d72d9c906ecdb5defe3db20f4f6d2daa2ba83204f5c932006ee5f986,,,first_capture,raw/hf.papers.daily.backfill/2026/09/20260913T194907Z-c0af0df3d72d.json.gz,,"backfill of 2024-09-30; upvotes are as-of-fetch, not as-of-date"
hf.papers.daily.backfill,https://huggingface.co/api/daily_papers?date=2024-10-01,2026-09-13T19:49:08Z,200,application/json,72804,167aa1a70b343864a3624a75c5b91c213d2eb11c4946f5c417db6a9cd08eb080,,,first_capture,raw/hf.papers.daily.backfill/2026/09/20260913T194908Z-167aa1a70b34.json.gz,,"backfill of 2024-10-01; upvotes are as-of-fetch, not as-of-date"
hf.papers.daily.backfill,https://huggingface.co/api/daily_papers?date=2024-10-02,2026-09-13T19:49:10Z,200,application/json,87813,281250ce8fb00fb9370f6460b8be4d50ed5079d7b78b5dbbeb2b24c8085c1b69,,,first_capture,raw/hf.papers.daily.backfill/2026/09/20260913T194910Z-281250ce8fb0.json.gz,,"backfill of 2024-10-02; upvotes are as-of-fetch, not as-of-date"
hf.papers.daily.backfill,https://huggingface.co/api/daily_papers?date=2024-10-03,2026-09-13T19:49:12Z,200,application/json,137523,4898cebb2e4ee785119ea9e113f0beb8ec02a17c0345695f5c7b86522f0559a0,,,first_capture,raw/hf.papers.daily.backfill/2026/09/20260913T194912Z-4898cebb2e4e.json.gz,,"backfill of 2024-10-03; upvotes are as-of-fetch, not as-of-date"
hf.papers.daily.backfill,https://huggingface.co/api/daily_papers?date=2024-10-04,2026-09-13T19:49:13Z,200,application/json,153231,50ff439f0d9f346c8f28bd6535b719d47c3b6f44c62466d315407fa6b29fcb12,,,first_capture,raw/hf.papers.daily.backfill/2026/09/20260913T194913Z-50ff439f0d9f.json.gz,,"backfill of 2024-10-04; upvotes are as-of-fetch, not as-of-date"
hf.papers.daily.backfill,https://huggingface.co/api/daily_papers?date=2024-10-07,2026-09-13T19:49:18Z,200,application/json,96660,35a199162f106c84687e025cbd1e1010516e19c39e7184bcf5fa765a74328747,,,first_capture,raw/hf.papers.daily.backfill/2026/09/20260913T194918Z-35a199162f10.json.gz,,"backfill of 2024-10-07; upvotes are as-of-fetch, not as-of-date"
hf.papers.daily.backfill,https://huggingface.co/api/daily_papers?date=2024-10-08,2026-09-13T19:49:20Z,200,application/json,144447,8a71cdf4355305f91837505579da2ed0925f85f2a5a412b763d2fe2800d95090,,,first_capture,raw/hf.papers.daily.backfill/2026/09/20260913T194920Z-8a71cdf43553.json.gz,,"backfill of 2024-10-08; upvotes are as-of-fetch, not as-of-date"
hf.papers.daily.backfill,https://huggingface.co/api/daily_papers?date=2024-10-09,2026-09-13T19:49:22Z,200,application/json,82035,8e36bffc553791e2e36c78964fc3e52a61798fce689c92fde5e6adc854238cea,,,first_capture,raw/hf.papers.daily.backfill/2026/09/20260913T194922Z-8e36bffc5537.json.gz,,"backfill of 2024-10-09; upvotes are as-of-fetch, not as-of-date"
hf.papers.daily.backfill,https://huggingface.co/api/daily_papers?date=2024-10-10,2026-09-13T19:49:23Z,200,application/json,307209,40b8e9636b9ba11733328519e42e8c5221db9ac6d94a01b11c4140370f5e7586,,,first_capture,raw/hf.papers.daily.backfill/2026/09/20260913T194923Z-40b8e9636b9b.json.gz,,"backfill of 2024-10-10; upvotes are as-of-fetch, not as-of-date"
hf.papers.daily.backfill,https://huggingface.co/api/daily_papers?date=2024-10-11,2026-09-13T19:49:25Z,200,application/json,158843,30ee1f4879b35a8560c41fcfbe7d56ee04e371e617082cd250d74a3faac14953,,,first_capture,raw/hf.papers.daily.backfill/2026/09/20260913T194925Z-30ee1f4879b3.json.gz,,"backfill of 2024-10-11; upvotes are as-of-fetch, not as-of-date"
hf.papers.daily.backfill,https://huggingface.co/api/daily_papers?date=2024-10-14,2026-09-13T19:49:30Z,200,application/json,120557,156e4936354ea06bca7073933143c7d55ea2c2ac0547fbd3a9520359a6324414,,,first_capture,raw/hf.papers.daily.backfill/2026/09/20260913T194930Z-156e4936354e.json.gz,,"backfill of 2024-10-14; upvotes are as-of-fetch, not as-of-date"
hf.papers.daily.backfill,https://huggingface.co/api/daily_papers?date=2024-10-15,2026-09-13T19:49:32Z,200,application/json,150365,705b20b5de6e5d63e1ffe6582c1d8b6f1329cbf25f425a2ffea0ef8b0763b063,,,first_capture,raw/hf.papers.daily.backfill/2026/09/20260913T194932Z-705b20b5de6e.json.gz,,"backfill of 2024-10-15; upvotes are as-of-fetch, not as-of-date"
hf.papers.daily.backfill,https://huggingface.co/api/daily_papers?date=2024-10-16,2026-09-13T19:49:34Z,200,application/json,100992,6a93996859db610689909882e72400145048b968b8f84e5b28d34b12156f78f0,,,first_capture,raw/hf.papers.daily.backfill/2026/09/20260913T194934Z-6a93996859db.json.gz,,"backfill of 2024-10-16; upvotes are as-of-fetch, not as-of-date"
hf.papers.daily.backfill,https://huggingface.co/api/daily_papers?date=2024-10-17,2026-09-13T19:49:35Z,200,application/json,133301,e34785e8d3e8a13fe5ba9955949a01589980bc70292930d54241a25a314f7753,,,first_capture,raw/hf.papers.daily.backfill/2026/09/20260913T194935Z-e34785e8d3e8.json.gz,,"backfill of 2024-10-17; upvotes are as-of-fetch, not as-of-date"
hf.papers.daily.backfill,https://huggingface.co/api/daily_papers?date=2024-10-18,2026-09-13T19:49:37Z,200,application/json,238362,43eab4dd608258dbcf6659deb636728478ae507adf591113bf20e9b5a2663f62,,,first_capture,raw/hf.papers.daily.backfill/2026/09/20260913T194937Z-43eab4dd6082.json.gz,,"backfill of 2024-10-18; upvotes are as-of-fetch, not as-of-date"
hf.papers.daily.backfill,https://huggingface.co/api/daily_papers?date=2024-10-21,2026-09-13T19:49:42Z,200,application/json,126071,e00129a7433d5d653572354490ce9bcb152a87f175a20e6afcfca8009aaf305d,,,first_capture,raw/hf.papers.daily.backfill/2026/09/20260913T194942Z-e00129a7433d.json.gz,,"backfill of 2024-10-21; upvotes are as-of-fetch, not as-of-date"
hf.papers.daily.backfill,https://huggingface.co/api/daily_papers?date=2024-10-22,2026-09-13T19:49:44Z,200,application/json,147389,b98569d3e06de05829d55cdc8f73c5fd92e78e7299f412748840bba861e2f6d7,,,first_capture,raw/hf.papers.daily.backfill/2026/09/20260913T194944Z-b98569d3e06d.json.gz,,"backfill of 2024-10-22; upvotes are as-of-fetch, not as-of-date"
hf.papers.daily.backfill,https://huggingface.co/api/daily_papers?date=2024-10-23,2026-09-13T19:49:45Z,200,application/json,75688,b99d40f308747ba3b3fd3ad0dd9a3b3eb70da094041e474fa4f6fa8a4f64dc06,,,first_capture,raw/hf.papers.daily.backfill/2026/09/20260913T194945Z-b99d40f30874.json.gz,,"backfill of 2024-10-23; upvotes are as-of-fetch, not as-of-date"
hf.papers.daily.backfill,https://huggingface.co/api/daily_papers?date=2024-10-24,2026-09-13T19:49:47Z,200,application/json,82832,2b8ea37c54be06ac9c75870a6f5771ebdc2fe51d7f2160d17e9fd2187eb50636,,,first_capture,raw/hf.papers.daily.backfill/2026/09/20260913T194947Z-2b8ea37c54be.json.gz,,"backfill of 2024-10-24; upvotes are as-of-fetch, not as-of-date"
hf.papers.daily.backfill,https://huggingface.co/api/daily_papers?date=2024-10-25,2026-09-13T19:49:49Z,200,application/json,167727,c4d6909dba0b1d2d223b728b0aeeaf3893fd59bccf895369bfc62e2b59fa1e5d,,,first_capture,raw/hf.papers.daily.backfill/2026/09/20260913T194949Z-c4d6909dba0b.json.gz,,"backfill of 2024-10-25; upvotes are as-of-fetch, not as-of-date"
hf.papers.daily.backfill,https://huggingface.co/api/daily_papers?date=2024-10-28,2026-09-13T19:49:53Z,200,application/json,99950,cc3e125af50609f7ed4c73f9d9c9fbb9111e8696add46df025522de2b3be31e2,,,first_capture,raw/hf.papers.daily.backfill/2026/09/20260913T194953Z-cc3e125af506.json.gz,,"backfill of 2024-10-28; upvotes are as-of-fetch, not as-of-date"
hf.papers.daily.backfill,https://huggingface.co/api/daily_papers?date=2024-10-29,2026-09-13T19:49:55Z,200,application/json,152795,755b74ef386e4ba4a37944281edbda504542f20a4f1805db916b279a9e6efc3a,,,first_capture,raw/hf.papers.daily.backfill/2026/09/20260913T194955Z-755b74ef386e.json.gz,,"backfill of 2024-10-29; upvotes are as-of-fetch, not as-of-date"
hf.papers.daily.backfill,https://huggingface.co/api/daily_papers?date=2024-10-30,2026-09-13T19:49:57Z,200,application/json,81751,328ad9310a98f11d8bc1d75082a963ad2ea41e3d31b5118c2a1e8b2372c41a10,,,first_capture,raw/hf.papers.daily.backfill/2026/09/20260913T194957Z-328ad9310a98.json.gz,,"backfill of 2024-10-30; upvotes are as-of-fetch, not as-of-date"
hf.papers.daily.backfill,https://huggingface.co/api/daily_papers?date=2024-10-31,2026-09-13T19:49:58Z,200,application/json,58206,cc81248ac593f4522c6c66cc2def1ee36ed60de2d22d4816f982f132700e186c,,,first_capture,raw/hf.papers.daily.backfill/2026/09/20260913T194958Z-cc81248ac593.json.gz,,"backfill of 2024-10-31; upvotes are as-of-fetch, not as-of-date"
hf.papers.daily.backfill,https://huggingface.co/api/daily_papers?date=2024-11-01,2026-09-13T19:50:00Z,200,application/json,88345,d414a7c7f8532db1c7df21fdc3b65bc1b76c41d142262804506979536477d90e,,,first_capture,raw/hf.papers.daily.backfill/2026/09/20260913T195000Z-d414a7c7f853.json.gz,,"backfill of 2024-11-01; upvotes are as-of-fetch, not as-of-date"
hf.papers.daily.backfill,https://huggingface.co/api/daily_papers?date=2024-11-03,2026-09-13T19:50:04Z,200,application/json,6265,1db032ebe3d4ddc25c88f85fb5e543080c38b942fbc281879a1aa7125e994681,,,first_capture,raw/hf.papers.daily.backfill/2026/09/20260913T195004Z-1db032ebe3d4.json.gz,,"backfill of 2024-11-03; upvotes are as-of-fetch, not as-of-date"
hf.papers.daily.backfill,https://huggingface.co/api/daily_papers?date=2024-11-04,2026-09-13T19:50:05Z,200,application/json,117010,4d97902725e677e46d3a25b9687e5ef5883aa3e87c969a71d64983158fe1cee7,,,first_capture,raw/hf.papers.daily.backfill/2026/09/20260913T195005Z-4d97902725e6.json.gz,,"backfill of 2024-11-04; upvotes are as-of-fetch, not as-of-date"
hf.papers.daily.backfill,https://huggingface.co/api/daily_papers?date=2024-11-05,2026-09-13T19:50:07Z,200,application/json,139692,29a5ccc0bfc1467a150109f4c0033a2e15dbfdd7ab7ac6310463dde528b287a6,,,first_capture,raw/hf.papers.daily.backfill/2026/09/20260913T195007Z-29a5ccc0bfc1.json.gz,,"backfill of 2024-11-05; upvotes are as-of-fetch, not as-of-date"
hf.papers.daily.backfill,https://huggingface.co/api/daily_papers?date=2024-11-06,2026-09-13T19:50:09Z,200,application/json,62658,d9c87c3537e966b9834bbf4b29554548361ac99845b668f3796d96c3b565992e,,,first_capture,raw/hf.papers.daily.backfill/2026/09/20260913T195009Z-d9c87c3537e9.json.gz,,"backfill of 2024-11-06; upvotes are as-of-fetch, not as-of-date"
hf.papers.daily.backfill,https://huggingface.co/api/daily_papers?date=2024-11-07,2026-09-13T19:50:10Z,200,application/json,42413,004d7a976c043c8ff69ab637428c69a4f5e24df3863f6846a0501fb37b0dcee6,,,first_capture,raw/hf.papers.daily.backfill/2026/09/20260913T195010Z-004d7a976c04.json.gz,,"backfill of 2024-11-07; upvotes are as-of-fetch, not as-of-date"
hf.papers.daily.backfill,https://huggingface.co/api/daily_papers?date=2024-11-08,2026-09-13T19:50:12Z,200,application/json,93486,9f18b3b3a747308cafbd346dc11c03a955823c56180c1f2b135c482787f97996,,,first_capture,raw/hf.papers.daily.backfill/2026/09/20260913T195012Z-9f18b3b3a747.json.gz,,"backfill of 2024-11-08; upvotes are as-of-fetch, not as-of-date"
hf.papers.daily.backfill,https://huggingface.co/api/daily_papers?date=2024-11-10,2026-09-13T19:50:15Z,200,application/json,6061,953399ccce224d85362c7c02c8a1a497237be63393c047ceb0168bfe09ce1621,,,first_capture,raw/hf.papers.daily.backfill/2026/09/20260913T195015Z-953399ccce22.json.gz,,"backfill of 2024-11-10; upvotes are as-of-fetch, not as-of-date"
hf.papers.daily.backfill,https://huggingface.co/api/daily_papers?date=2024-11-11,2026-09-13T19:50:17Z,200,application/json,59703,3cf9fb942b213f5f373eae9446e86b53b9a2c2f055ca0e9f40b84a118f356bdd,,,first_capture,raw/hf.papers.daily.backfill/2026/09/20260913T195017Z-3cf9fb942b21.json.gz,,"backfill of 2024-11-11; upvotes are as-of-fetch, not as-of-date"
hf.papers.daily.backfill,https://huggingface.co/api/daily_papers?date=2024-11-12,2026-09-13T19:50:19Z,200,application/json,89894,93c1d16f0692b64cad00f996b32aee3fc4221251939a7308344add4d5fe045ff,,,first_capture,raw/hf.papers.daily.backfill/2026/09/20260913T195019Z-93c1d16f0692.json.gz,,"backfill of 2024-11-12; upvotes are as-of-fetch, not as-of-date"
hf.papers.daily.backfill,https://huggingface.co/api/daily_papers?date=2024-11-13,2026-09-13T19:50:20Z,200,application/json,47448,328a1aea3ed23d9f8d4840bade8be142928b5c63497dbb16999da9a55f288c35,,,first_capture,raw/hf.papers.daily.backfill/2026/09/20260913T195020Z-328a1aea3ed2.json.gz,,"backfill of 2024-11-13; upvotes are as-of-fetch, not as-of-date"
hf.papers.daily.backfill,https://huggingface.co/api/daily_papers?date=2024-11-14,2026-09-13T19:50:22Z,200,application/json,41228,01825e6e029737a858f48ff60f4bb36dc27d837113a22a40f2fce3ec4be6b40d,,,first_capture,raw/hf.papers.daily.backfill/2026/09/20260913T195022Z-01825e6e0297.json.gz,,"backfill of 2024-11-14; upvotes are as-of-fetch, not as-of-date"
hf.papers.daily.backfill,https://huggingface.co/api/daily_papers?date=2024-11-15,2026-09-13T19:50:24Z,200,application/json,44304,550cedfdac33540718e7b1b4d6db7a81f23b06250d1b904f072e81a513cd0873,,,first_capture,raw/hf.papers.daily.backfill/2026/09/20260913T195024Z-550cedfdac33.json.gz,,"backfill of 2024-11-15; upvotes are as-of-fetch, not as-of-date"
hf.papers.daily.backfill,https://huggingface.co/api/daily_papers?date=2024-11-17,2026-09-13T19:50:27Z,200,application/json,13636,ee02fda2f763e57708a2c28b08190557140e5580783a7f44e2e8e5872871f398,,,first_capture,raw/hf.papers.daily.backfill/2026/09/20260913T195027Z-ee02fda2f763.json.gz,,"backfill of 2024-11-17; upvotes are as-of-fetch, not as-of-date"
hf.papers.daily.backfill,https://huggingface.co/api/daily_papers?date=2024-11-18,2026-09-13T19:50:28Z,200,application/json,28046,3fc8d783b99a3e60a4d50ab31f8215a87ab099f61129f8a493b068b7ae031df9,,,first_capture,raw/hf.papers.daily.backfill/2026/09/20260913T195028Z-3fc8d783b99a.json.gz,,"backfill of 2024-11-18; upvotes are as-of-fetch, not as-of-date"
hf.papers.daily.backfill,https://huggingface.co/api/daily_papers?date=2024-11-19,2026-09-13T19:50:30Z,200,application/json,90195,6016ff7a1a6a097a73d7ef5a10f49712d4bdecab3420de179cf94188d2a56cfc,,,first_capture,raw/hf.papers.daily.backfill/2026/09/20260913T195030Z-6016ff7a1a6a.json.gz,,"backfill of 2024-11-19; upvotes are as-of-fetch, not as-of-date"
hf.papers.daily.backfill,https://huggingface.co/api/daily_papers?date=2024-11-20,2026-09-13T19:50:32Z,200,application/json,54109,69124b358a5f8c8a1c03304db879fed3e02c11a149b455ffc7d3e223dfe58285,,,first_capture,raw/hf.papers.daily.backfill/2026/09/20260913T195032Z-69124b358a5f.json.gz,,"backfill of 2024-11-20; upvotes are as-of-fetch, not as-of-date"
hf.papers.daily.backfill,https://huggingface.co/api/daily_papers?date=2024-11-21,2026-09-13T19:50:33Z,200,application/json,76537,1b3079308995d75c3f5f3fd6374d9464a30f5288a449ff90f7c4814704667423,,,first_capture,raw/hf.papers.daily.backfill/2026/09/20260913T195033Z-1b3079308995.json.gz,,"backfill of 2024-11-21; upvotes are as-of-fetch, not as-of-date"
hf.papers.daily.backfill,https://huggingface.co/api/daily_papers?date=2024-11-22,2026-09-13T19:50:35Z,200,application/json,91139,4a2bcc0e867bbbed0703eeebe530fed619ddd4c17c6db66857c6bf6f535c4199,,,first_capture,raw/hf.papers.daily.backfill/2026/09/20260913T195035Z-4a2bcc0e867b.json.gz,,"backfill of 2024-11-22; upvotes are as-of-fetch, not as-of-date"
hf.papers.daily.backfill,https://huggingface.co/api/daily_papers?date=2024-11-24,2026-09-13T19:50:38Z,200,application/json,5197,92064dcecd93a36f13bd03d401a74c6b8b9e6be2da1cb9e576e2652ce06d4595,,,first_capture,raw/hf.papers.daily.backfill/2026/09/20260913T195038Z-92064dcecd93.json.gz,,"backfill of 2024-11-24; upvotes are as-of-fetch, not as-of-date"
hf.papers.daily.backfill,https://huggingface.co/api/daily_papers?date=2024-11-25,2026-09-13T19:50:40Z,200,application/json,104691,f88cc8b8d1e47beadac4e7adfd52ceb90f6098180c1cb7b68e191a57a9396ab5,,,first_capture,raw/hf.papers.daily.backfill/2026/09/20260913T195040Z-f88cc8b8d1e4.json.gz,,"backfill of 2024-11-25; upvotes are as-of-fetch, not as-of-date"
hf.papers.daily.backfill,https://huggingface.co/api/daily_papers?date=2024-11-26,2026-09-13T19:50:42Z,200,application/json,170305,0fa6c16220171ae72ca7601c21d600aabb1029889f1ca2c1be33ef54bf39f4a6,,,first_capture,raw/hf.papers.daily.backfill/2026/09/20260913T195042Z-0fa6c1622017.json.gz,,"backfill of 2024-11-26; upvotes are as-of-fetch, not as-of-date"
hf.papers.daily.backfill,https://huggingface.co/api/daily_papers?date=2024-11-27,2026-09-13T19:50:44Z,200,application/json,123159,baa58d289b7bb846b4c5a8b81b6bc0f34dbbbb2cf8afe46b5dff3397ea10ed96,,,first_capture,raw/hf.papers.daily.backfill/2026/09/20260913T195044Z-baa58d289b7b.json.gz,,"backfill of 2024-11-27; upvotes are as-of-fetch, not as-of-date"
hf.papers.daily.backfill,https://huggingface.co/api/daily_papers?date=2024-11-28,2026-09-13T19:50:45Z,200,application/json,112529,1c3c799266095a30ce361bc70ea2dd17c9c95418ec0e4adbb20eaa257d21c8c2,,,first_capture,raw/hf.papers.daily.backfill/2026/09/20260913T195045Z-1c3c79926609.json.gz,,"backfill of 2024-11-28; upvotes are as-of-fetch, not as-of-date"
hf.papers.daily.backfill,https://huggingface.co/api/daily_papers?date=2024-11-29,2026-09-13T19:50:47Z,200,application/json,42887,a927b994383f3ff0f087351c4c4ecc3ef170daba1bce01178fc80f7e66f88f2c,,,first_capture,raw/hf.papers.daily.backfill/2026/09/20260913T195047Z-a927b994383f.json.gz,,"backfill of 2024-11-29; upvotes are as-of-fetch, not as-of-date"
hf.papers.daily.backfill,https://huggingface.co/api/daily_papers?date=2024-12-02,2026-09-13T19:50:52Z,200,application/json,133573,c93e3be0fe8d4039eb93794e815a57c0f0acddf5649286f2e270f3dd8bae4dad,,,first_capture,raw/hf.papers.daily.backfill/2026/09/20260913T195052Z-c93e3be0fe8d.json.gz,,"backfill of 2024-12-02; upvotes are as-of-fetch, not as-of-date"
hf.papers.daily.backfill,https://huggingface.co/api/daily_papers?date=2024-12-03,2026-09-13T19:50:54Z,200,application/json,189663,59d60f884d4cd286ec35d7d4b3e24962f74d230477047ccb5a7553ce99132a31,,,first_capture,raw/hf.papers.daily.backfill/2026/09/20260913T195054Z-59d60f884d4c.json.gz,,"backfill of 2024-12-03; upvotes are as-of-fetch, not as-of-date"
hf.papers.daily.backfill,https://huggingface.co/api/daily_papers?date=2024-12-04,2026-09-13T19:50:56Z,200,application/json,103607,4912e20a0bc22d5ea90f4ba7bb09c48a25e596df1aa5df1eb9742de1acedd768,,,first_capture,raw/hf.papers.daily.backfill/2026/09/20260913T195056Z-4912e20a0bc2.json.gz,,"backfill of 2024-12-04; upvotes are as-of-fetch, not as-of-date"
hf.papers.daily.backfill,https://huggingface.co/api/daily_papers?date=2024-12-05,2026-09-13T19:50:58Z,200,application/json,125572,9376da0ea4edd7a86ee00e256c15a58a1f762631f1fb21e7d394be5a6629b70f,,,first_capture,raw/hf.papers.daily.backfill/2026/09/20260913T195058Z-9376da0ea4ed.json.gz,,"backfill of 2024-12-05; upvotes are as-of-fetch, not as-of-date"
hf.papers.daily.backfill,https://huggingface.co/api/daily_papers?date=2024-12-06,2026-09-13T19:51:00Z,200,application/json,200950,72fe7a5736c8a5e7508d62c5f059f85cc0e77d2c63a398299f6c3da9023a7f96,,,first_capture,raw/hf.papers.daily.backfill/2026/09/20260913T195100Z-72fe7a5736c8.json.gz,,"backfill of 2024-12-06; upvotes are as-of-fetch, not as-of-date"
hf.papers.daily.backfill,https://huggingface.co/api/daily_papers?date=2024-12-09,2026-09-13T19:51:05Z,200,application/json,123966,aa473c212a9853d3a25ead575e2accb70883fda0471aa20131ff1290c8f9e1a9,,,first_capture,raw/hf.papers.daily.backfill/2026/09/20260913T195105Z-aa473c212a98.json.gz,,"backfill of 2024-12-09; upvotes are as-of-fetch, not as-of-date"
hf.papers.daily.backfill,https://huggingface.co/api/daily_papers?date=2024-12-10,2026-09-13T19:51:06Z,200,application/json,97160,e262397bf66156104c82052ba679868a3e7892f75561454db3ebb5d7cc7b3e47,,,first_capture,raw/hf.papers.daily.backfill/2026/09/20260913T195106Z-e262397bf661.json.gz,,"backfill of 2024-12-10; upvotes are as-of-fetch, not as-of-date"
hf.papers.daily.backfill,https://huggingface.co/api/daily_papers?date=2024-12-11,2026-09-13T19:51:08Z,200,application/json,174432,c937bd4614cc696ec9f00929e4565254f16350e5e34211c5311f3f6331fa3433,,,first_capture,raw/hf.papers.daily.backfill/2026/09/20260913T195108Z-c937bd4614cc.json.gz,,"backfill of 2024-12-11; upvotes are as-of-fetch, not as-of-date"
hf.papers.daily.backfill,https://huggingface.co/api/daily_papers?date=2024-12-12,2026-09-13T19:51:10Z,200,application/json,109336,a445caa5d92ac56e1ae1bd39082f4b87a75e6d7c387e2f84719f655a839cee05,,,first_capture,raw/hf.papers.daily.backfill/2026/09/20260913T195110Z-a445caa5d92a.json.gz,,"backfill of 2024-12-12; upvotes are as-of-fetch, not as-of-date"
hf.papers.daily.backfill,https://huggingface.co/api/daily_papers?date=2024-12-13,2026-09-13T19:51:12Z,200,application/json,174348,f11f089ff40514f204ef5c92e4a5194804d80b43b4a630d1e5ed45aa2396d4a7,,,first_capture,raw/hf.papers.daily.backfill/2026/09/20260913T195112Z-f11f089ff405.json.gz,,"backfill of 2024-12-13; upvotes are as-of-fetch, not as-of-date"
hf.papers.daily.backfill,https://huggingface.co/api/daily_papers?date=2024-12-16,2026-09-13T19:51:17Z,200,application/json,120268,a16fa3ccb609b156e01484b882ec6b322dc8635db126dce8e63b2f05602be8ce,,,first_capture,raw/hf.papers.daily.backfill/2026/09/20260913T195117Z-a16fa3ccb609.json.gz,,"backfill of 2024-12-16; upvotes are as-of-fetch, not as-of-date"
hf.papers.daily.backfill,https://huggingface.co/api/daily_papers?date=2024-12-17,2026-09-13T19:51:19Z,200,application/json,166456,b21dd8a0670aefc9a98a6148e17f48c236fd595672656928aebffdee60e019bd,,,first_capture,raw/hf.papers.daily.backfill/2026/09/20260913T195119Z-b21dd8a0670a.json.gz,,"backfill of 2024-12-17; upvotes are as-of-fetch, not as-of-date"
hf.papers.daily.backfill,https://huggingface.co/api/daily_papers?date=2024-12-18,2026-09-13T19:51:21Z,200,application/json,74195,bfb649020cbc79fcc98465cb00ffb6e47fed06299777b72c5f7d30b2eaf1ed92,,,first_capture,raw/hf.papers.daily.backfill/2026/09/20260913T195121Z-bfb649020cbc.json.gz,,"backfill of 2024-12-18; upvotes are as-of-fetch, not as-of-date"
hf.papers.daily.backfill,https://huggingface.co/api/daily_papers?date=2024-12-19,2026-09-13T19:51:22Z,200,application/json,150170,88f28e904e93669b4a2a7b8e2912502c5cada0273cb7287d9b033325ced8b54c,,,first_capture,raw/hf.papers.daily.backfill/2026/09/20260913T195122Z-88f28e904e93.json.gz,,"backfill of 2024-12-19; upvotes are as-of-fetch, not as-of-date"
hf.papers.daily.backfill,https://huggingface.co/api/daily_papers?date=2024-12-20,2026-09-13T19:51:24Z,200,application/json,109185,df956779838e8c9c2551c473f3f826fe830ade0019f05a88cc8db8b5d6319ce6,,,first_capture,raw/hf.papers.daily.backfill/2026/09/20260913T195124Z-df956779838e.json.gz,,"backfill of 2024-12-20; upvotes are as-of-fetch, not as-of-date"
hf.papers.daily.backfill,https://huggingface.co/api/daily_papers?date=2024-12-23,2026-09-13T19:51:29Z,200,application/json,74303,6204e855f7c8c76fcbf66debf2bc35fe4c1a6f0d603b2cd78e974be74864aeab,,,first_capture,raw/hf.papers.daily.backfill/2026/09/20260913T195129Z-6204e855f7c8.json.gz,,"backfill of 2024-12-23; upvotes are as-of-fetch, not as-of-date"
hf.papers.daily.backfill,https://huggingface.co/api/daily_papers?date=2024-12-24,2026-09-13T19:51:30Z,200,application/json,118150,90786f287e3849bce594dc807a6508484bb52168568a21d005a5854689b74723,,,first_capture,raw/hf.papers.daily.backfill/2026/09/20260913T195130Z-90786f287e38.json.gz,,"backfill of 2024-12-24; upvotes are as-of-fetch, not as-of-date"
hf.papers.daily.backfill,https://huggingface.co/api/daily_papers?date=2024-12-25,2026-09-13T19:51:32Z,200,application/json,65097,dc84ac8c486a0559e9e41103de5c23f56450fea9830b2442aaf0b8702a3cfd5c,,,first_capture,raw/hf.papers.daily.backfill/2026/09/20260913T195132Z-dc84ac8c486a.json.gz,,"backfill of 2024-12-25; upvotes are as-of-fetch, not as-of-date"
hf.papers.daily.backfill,https://huggingface.co/api/daily_papers?date=2024-12-26,2026-09-13T19:51:34Z,200,application/json,39375,6ac00ade00266fefd7928e087cb734c16e30d23d3108bd72bfd03c76d7b748f1,,,first_capture,raw/hf.papers.daily.backfill/2026/09/20260913T195134Z-6ac00ade0026.json.gz,,"backfill of 2024-12-26; upvotes are as-of-fetch, not as-of-date"
hf.papers.daily.backfill,https://huggingface.co/api/daily_papers?date=2024-12-27,2026-09-13T19:51:35Z,200,application/json,26491,ef06ae58498f6a7e5f18c19d36657eed041b4a46aeae0f7d65dd1bbb8448505a,,,first_capture,raw/hf.papers.daily.backfill/2026/09/20260913T195135Z-ef06ae58498f.json.gz,,"backfill of 2024-12-27; upvotes are as-of-fetch, not as-of-date"
hf.papers.daily.backfill,https://huggingface.co/api/daily_papers?date=2024-12-30,2026-09-13T19:51:40Z,200,application/json,72094,1b5d40e5b6ef4161f1141284c7cfcaab8ce7d98443f8ab4423e090629afb54f4,,,first_capture,raw/hf.papers.daily.backfill/2026/09/20260913T195140Z-1b5d40e5b6ef.json.gz,,"backfill of 2024-12-30; upvotes are as-of-fetch, not as-of-date"
hf.papers.daily.backfill,https://huggingface.co/api/daily_papers?date=2024-12-31,2026-09-13T19:51:42Z,200,application/json,71813,af98daf0523d3aa16748e23ac969d7a404a81995cbeb91b5ae2468a7026a76ae,,,first_capture,raw/hf.papers.daily.backfill/2026/09/20260913T195142Z-af98daf0523d.json.gz,,"backfill of 2024-12-31; upvotes are as-of-fetch, not as-of-date"
hf.papers.daily.backfill,https://huggingface.co/api/daily_papers?date=2025-01-02,2026-09-13T19:51:45Z,200,application/json,28635,8acd00033517f112619ee3f4f1b6338dbf42b524e57f82568ca7c60d72ebe3f8,,,first_capture,raw/hf.papers.daily.backfill/2026/09/20260913T195145Z-8acd00033517.json.gz,,"backfill of 2025-01-02; upvotes are as-of-fetch, not as-of-date"
hf.papers.daily.backfill,https://huggingface.co/api/daily_papers?date=2025-01-03,2026-09-13T19:51:47Z,200,application/json,122987,7e1c74f6e8ee1c1adb0949168f9d40c18929d950c120ff074ebcff3b7deed7f1,,,first_capture,raw/hf.papers.daily.backfill/2026/09/20260913T195147Z-7e1c74f6e8ee.json.gz,,"backfill of 2025-01-03; upvotes are as-of-fetch, not as-of-date"
hf.papers.daily.backfill,https://huggingface.co/api/daily_papers?date=2025-01-06,2026-09-13T19:51:52Z,200,application/json,54319,ca705fe0fbc9d9c8bf1520715347a7688cf0cd0a015a8a2e087e71352302753b,,,first_capture,raw/hf.papers.daily.backfill/2026/09/20260913T195152Z-ca705fe0fbc9.json.gz,,"backfill of 2025-01-06; upvotes are as-of-fetch, not as-of-date"
hf.papers.daily.backfill,https://huggingface.co/api/daily_papers?date=2025-01-07,2026-09-13T19:51:53Z,200,application/json,125362,6e6164a3c3e010c92b779dd4221a451c8b9e45a43c1cdbebbdea9c15cbf1f5e0,,,first_capture,raw/hf.papers.daily.backfill/2026/09/20260913T195153Z-6e6164a3c3e0.json.gz,,"backfill of 2025-01-07; upvotes are as-of-fetch, not as-of-date"
hf.papers.daily.backfill,https://huggingface.co/api/daily_papers?date=2025-01-08,2026-09-13T19:51:55Z,200,application/json,101852,20946f5d4b606c6df214318bc3bd90ad7dfa9039a54f6ee22bad548d24bdd6af,,,first_capture,raw/hf.papers.daily.backfill/2026/09/20260913T195155Z-20946f5d4b60.json.gz,,"backfill of 2025-01-08; upvotes are as-of-fetch, not as-of-date"
hf.papers.daily.backfill,https://huggingface.co/api/daily_papers?date=2025-01-09,2026-09-13T19:51:57Z,200,application/json,84884,9fb60a4f81a1feacaf96df6dd35fed4a11dfaafd1afb7f7e02fc2c97e5dba4db,,,first_capture,raw/hf.papers.daily.backfill/2026/09/20260913T195157Z-9fb60a4f81a1.json.gz,,"backfill of 2025-01-09; upvotes are as-of-fetch, not as-of-date"
hf.papers.daily.backfill,https://huggingface.co/api/daily_papers?date=2025-01-10,2026-09-13T19:51:59Z,200,application/json,53254,c0fe64a277b0c978ee9751509497efddf32949fcafba94a8837e18e49bfb617b,,,first_capture,raw/hf.papers.daily.backfill/2026/09/20260913T195159Z-c0fe64a277b0.json.gz,,"backfill of 2025-01-10; upvotes are as-of-fetch, not as-of-date"
hf.papers.daily.backfill,https://huggingface.co/api/daily_papers?date=2025-01-13,2026-09-13T19:52:03Z,200,application/json,89852,c09cd93c16f92f0c34c4f00543891561863d1d632249b1b752f34a449fdc3736,,,first_capture,raw/hf.papers.daily.backfill/2026/09/20260913T195203Z-c09cd93c16f9.json.gz,,"backfill of 2025-01-13; upvotes are as-of-fetch, not as-of-date"
hf.papers.daily.backfill,https://huggingface.co/api/daily_papers?date=2025-01-14,2026-09-13T19:52:05Z,200,application/json,83808,e6a8cbc72bb94cb32bd4eb12b9979d8ec07f6e218c5bb5d8ab7595bc98d69cba,,,first_capture,raw/hf.papers.daily.backfill/2026/09/20260913T195205Z-e6a8cbc72bb9.json.gz,,"backfill of 2025-01-14; upvotes are as-of-fetch, not as-of-date"
hf.papers.daily.backfill,https://huggingface.co/api/daily_papers?date=2025-01-15,2026-09-13T19:52:07Z,200,application/json,127515,a6694c4951dde5c4ebb62297b7232e22f178c064a75a949424f118596e92d2b8,,,first_capture,raw/hf.papers.daily.backfill/2026/09/20260913T195207Z-a6694c4951dd.json.gz,,"backfill of 2025-01-15; upvotes are as-of-fetch, not as-of-date"
hf.papers.daily.backfill,https://huggingface.co/api/daily_papers?date=2025-01-16,2026-09-13T19:52:09Z,200,application/json,76251,8f626f892df7413b67e14c816ee229f7054f8e888a523d5dc230d675bdfb8204,,,first_capture,raw/hf.papers.daily.backfill/2026/09/20260913T195209Z-8f626f892df7.json.gz,,"backfill of 2025-01-16; upvotes are as-of-fetch, not as-of-date"
hf.papers.daily.backfill,https://huggingface.co/api/daily_papers?date=2025-01-17,2026-09-13T19:52:10Z,200,application/json,80301,718cdae6f407c3ec6587921609d2653ff00c97c909194bdbcc18e73d6897c0e6,,,first_capture,raw/hf.papers.daily.backfill/2026/09/20260913T195210Z-718cdae6f407.json.gz,,"backfill of 2025-01-17; upvotes are as-of-fetch, not as-of-date"
hf.papers.daily.backfill,https://huggingface.co/api/daily_papers?date=2025-01-20,2026-09-13T19:52:15Z,200,application/json,51926,0921f6cec2198d9b3ac867ee148411cce41af01086526d9ba6bf2527a8d4eab0,,,first_capture,raw/hf.papers.daily.backfill/2026/09/20260913T195215Z-0921f6cec219.json.gz,,"backfill of 2025-01-20; upvotes are as-of-fetch, not as-of-date"
hf.papers.daily.backfill,https://huggingface.co/api/daily_papers?date=2025-01-21,2026-09-13T19:52:17Z,200,application/json,18505,24ea2e83dfdea137265a1dd0d2ed10603972294df98778f07f8198ca89479c7b,,,first_capture,raw/hf.papers.daily.backfill/2026/09/20260913T195217Z-24ea2e83dfde.json.gz,,"backfill of 2025-01-21; upvotes are as-of-fetch, not as-of-date"
hf.papers.daily.backfill,https://huggingface.co/api/daily_papers?date=2025-01-22,2026-09-13T19:52:18Z,200,application/json,151899,9cfabb6fccb65bfd3e52910608054bcc77a3ee9219a0a5e6b47cd353f8cc9cec,,,first_capture,raw/hf.papers.daily.backfill/2026/09/20260913T195218Z-9cfabb6fccb6.json.gz,,"backfill of 2025-01-22; upvotes are as-of-fetch, not as-of-date"
hf.papers.daily.backfill,https://huggingface.co/api/daily_papers?date=2025-01-23,2026-09-13T19:52:20Z,200,application/json,96234,cf083511db4cb1498451747dfd0ec96f99fe6a0fb1d3a52a1c39155967358843,,,first_capture,raw/hf.papers.daily.backfill/2026/09/20260913T195220Z-cf083511db4c.json.gz,,"backfill of 2025-01-23; upvotes are as-of-fetch, not as-of-date"
hf.papers.daily.backfill,https://huggingface.co/api/daily_papers?date=2025-01-24,2026-09-13T19:52:22Z,200,application/json,111507,f0df76acf23c89815df07eb46949971c8c6c11aebe94e121f24d71f18a865239,,,first_capture,raw/hf.papers.daily.backfill/2026/09/20260913T195222Z-f0df76acf23c.json.gz,,"backfill of 2025-01-24; upvotes are as-of-fetch, not as-of-date"
hf.papers.daily.backfill,https://huggingface.co/api/daily_papers?date=2025-01-27,2026-09-13T19:52:27Z,200,application/json,167700,4dd70fa8acdaf38a7222d922bf862691db439e593bd3cd9fa6753581eba27bce,,,first_capture,raw/hf.papers.daily.backfill/2026/09/20260913T195227Z-4dd70fa8acda.json.gz,,"backfill of 2025-01-27; upvotes are as-of-fetch, not as-of-date"
hf.papers.daily.backfill,https://huggingface.co/api/daily_papers?date=2025-01-28,2026-09-13T19:52:29Z,200,application/json,93337,16bb8128bc39b33060df497188f4875158fd5c3177ca0e78674ebc65f0a3402c,,,first_capture,raw/hf.papers.daily.backfill/2026/09/20260913T195229Z-16bb8128bc39.json.gz,,"backfill of 2025-01-28; upvotes are as-of-fetch, not as-of-date"
hf.papers.daily.backfill,https://huggingface.co/api/daily_papers?date=2025-01-29,2026-09-13T19:52:30Z,200,application/json,65052,00e4cf3380be3949172e8c3d02210cbe435148d1683208d370323236bbd12c19,,,first_capture,raw/hf.papers.daily.backfill/2026/09/20260913T195230Z-00e4cf3380be.json.gz,,"backfill of 2025-01-29; upvotes are as-of-fetch, not as-of-date"
hf.papers.daily.backfill,https://huggingface.co/api/daily_papers?date=2025-01-30,2026-09-13T19:52:32Z,200,application/json,41186,ae86e609017468d288753d6f45bc69b19f9d7ad3c7374be03dc869a60f260271,,,first_capture,raw/hf.papers.daily.backfill/2026/09/20260913T195232Z-ae86e6090174.json.gz,,"backfill of 2025-01-30; upvotes are as-of-fetch, not as-of-date"
hf.papers.daily.backfill,https://huggingface.co/api/daily_papers?date=2025-01-31,2026-09-13T19:52:34Z,200,application/json,60115,cfcbb5097a1f878057f2446b3fb19aad25c883eebaa7915a04732c48fc3a78a0,,,first_capture,raw/hf.papers.daily.backfill/2026/09/20260913T195234Z-cfcbb5097a1f.json.gz,,"backfill of 2025-01-31; upvotes are as-of-fetch, not as-of-date"
hf.papers.daily.backfill,https://huggingface.co/api/daily_papers?date=2025-02-03,2026-09-13T19:52:39Z,200,application/json,90243,b769dcb19f0f19c5d4b17038297afd59b55a9907a88f0afa37b21ffd2894e8a1,,,first_capture,raw/hf.papers.daily.backfill/2026/09/20260913T195239Z-b769dcb19f0f.json.gz,,"backfill of 2025-02-03; upvotes are as-of-fetch, not as-of-date"
hf.papers.daily.backfill,https://huggingface.co/api/daily_papers?date=2025-02-04,2026-09-13T19:52:40Z,200,application/json,162232,61dd2d4458febb910e76dbe6d02d87976cd8fc1b7b30ee7944203e4f7674f76b,,,first_capture,raw/hf.papers.daily.backfill/2026/09/20260913T195240Z-61dd2d4458fe.json.gz,,"backfill of 2025-02-04; upvotes are as-of-fetch, not as-of-date"
hf.papers.daily.backfill,https://huggingface.co/api/daily_papers?date=2025-02-05,2026-09-13T19:52:42Z,200,application/json,72907,a0bb34fad8ec2c70ec2bc5e9d88e6e82778ca6fc1d8b59e67ee21cfe21d18649,,,first_capture,raw/hf.papers.daily.backfill/2026/09/20260913T195242Z-a0bb34fad8ec.json.gz,,"backfill of 2025-02-05; upvotes are as-of-fetch, not as-of-date"
hf.papers.daily.backfill,https://huggingface.co/api/daily_papers?date=2025-02-06,2026-09-13T19:52:44Z,200,application/json,85639,a792045a93cb5dbfa160d5f552387e2fac2eb12053951395206b1dff853f4063,,,first_capture,raw/hf.papers.daily.backfill/2026/09/20260913T195244Z-a792045a93cb.json.gz,,"backfill of 2025-02-06; upvotes are as-of-fetch, not as-of-date"
hf.papers.daily.backfill,https://huggingface.co/api/daily_papers?date=2025-02-07,2026-09-13T19:52:46Z,200,application/json,129224,cab74d498689fed7d6d8398a7f4789107d38fdb6e4873ab09317cb5427fc3b6f,,,first_capture,raw/hf.papers.daily.backfill/2026/09/20260913T195246Z-cab74d498689.json.gz,,"backfill of 2025-02-07; upvotes are as-of-fetch, not as-of-date"
hf.papers.daily.backfill,https://huggingface.co/api/daily_papers?date=2025-02-10,2026-09-13T19:52:51Z,200,application/json,162077,e2ecadea8ba9d81172df0c508ceb8a251152f0f793570662078988f5ca01fdb6,,,first_capture,raw/hf.papers.daily.backfill/2026/09/20260913T195251Z-e2ecadea8ba9.json.gz,,"backfill of 2025-02-10; upvotes are as-of-fetch, not as-of-date"
hf.papers.daily.backfill,https://huggingface.co/api/daily_papers?date=2025-02-11,2026-09-13T19:52:53Z,200,application/json,148029,1560b3442e8f5957c0e4565fcefb4a6ac75f8cf41a885e5933fd38aa589f212b,,,first_capture,raw/hf.papers.daily.backfill/2026/09/20260913T195253Z-1560b3442e8f.json.gz,,"backfill of 2025-02-11; upvotes are as-of-fetch, not as-of-date"
hf.papers.daily.backfill,https://huggingface.co/api/daily_papers?date=2025-02-12,2026-09-13T19:52:54Z,200,application/json,151103,c77be65f03671433c5f614603a1390dffc5af73b5fa9dd42fc41ed1e17780679,,,first_capture,raw/hf.papers.daily.backfill/2026/09/20260913T195254Z-c77be65f0367.json.gz,,"backfill of 2025-02-12; upvotes are as-of-fetch, not as-of-date"
hf.papers.daily.backfill,https://huggingface.co/api/daily_papers?date=2025-02-13,2026-09-13T19:52:56Z,200,application/json,122268,52e4a8c0dbd2c4a4be2d7c0d5a7fc7d6f3786af581d9c3be5360ab9ae77815d5,,,first_capture,raw/hf.papers.daily.backfill/2026/09/20260913T195256Z-52e4a8c0dbd2.json.gz,,"backfill of 2025-02-13; upvotes are as-of-fetch, not as-of-date"
hf.papers.daily.backfill,https://huggingface.co/api/daily_papers?date=2025-02-14,2026-09-13T19:52:58Z,200,application/json,130135,29f598087992da5830d4d50fc170d307605382002d1c0fc4f41f2773d90ddcc9,,,first_capture,raw/hf.papers.daily.backfill/2026/09/20260913T195258Z-29f598087992.json.gz,,"backfill of 2025-02-14; upvotes are as-of-fetch, not as-of-date"
hf.papers.daily.backfill,https://huggingface.co/api/daily_papers?date=2025-02-17,2026-09-13T19:53:03Z,200,application/json,143902,882ab3629a80268673eed42a6fa647dbf413a23d64e0d7b38be28e9551d90d88,,,first_capture,raw/hf.papers.daily.backfill/2026/09/20260913T195303Z-882ab3629a80.json.gz,,"backfill of 2025-02-17; upvotes are as-of-fetch, not as-of-date"
hf.papers.daily.backfill,https://huggingface.co/api/daily_papers?date=2025-02-18,2026-09-13T19:53:05Z,200,application/json,217208,74b04538899d9c12181c488be17261e7e2df9bfaa2cf9ed5011e215b1388cf9b,,,first_capture,raw/hf.papers.daily.backfill/2026/09/20260913T195305Z-74b04538899d.json.gz,,"backfill of 2025-02-18; upvotes are as-of-fetch, not as-of-date"
hf.papers.daily.backfill,https://huggingface.co/api/daily_papers?date=2025-02-19,2026-09-13T19:53:07Z,200,application/json,191202,a40d4a3ea83b9cfa3ef02df9ea6757d0ab3e40f55533855cac1f53fe29fbf713,,,first_capture,raw/hf.papers.daily.backfill/2026/09/20260913T195307Z-a40d4a3ea83b.json.gz,,"backfill of 2025-02-19; upvotes are as-of-fetch, not as-of-date"
hf.papers.daily.backfill,https://huggingface.co/api/daily_papers?date=2025-02-20,2026-09-13T19:53:09Z,200,application/json,215763,7deb6becaccc90c3d6c858d92381f9b71ce6dbd29692667733bbcdbf08e4a1d0,,,first_capture,raw/hf.papers.daily.backfill/2026/09/20260913T195309Z-7deb6becaccc.json.gz,,"backfill of 2025-02-20; upvotes are as-of-fetch, not as-of-date"
hf.papers.daily.backfill,https://huggingface.co/api/daily_papers?date=2025-02-21,2026-09-13T19:53:11Z,200,application/json,193001,70d2b32e4b2ec19e707fbae1dbf4fc7659b9a934288b93b2265914180ae48b6d,,,first_capture,raw/hf.papers.daily.backfill/2026/09/20260913T195311Z-70d2b32e4b2e.json.gz,,"backfill of 2025-02-21; upvotes are as-of-fetch, not as-of-date"
hf.papers.daily.backfill,https://huggingface.co/api/daily_papers?date=2025-02-24,2026-09-13T19:53:16Z,200,application/json,205514,3f4e10c3914ef17e4fe0fa91775feeeb9144fc0d44885220f01d7fc7caf21475,,,first_capture,raw/hf.papers.daily.backfill/2026/09/20260913T195316Z-3f4e10c3914e.json.gz,,"backfill of 2025-02-24; upvotes are as-of-fetch, not as-of-date"
hf.papers.daily.backfill,https://huggingface.co/api/daily_papers?date=2025-02-25,2026-09-13T19:53:18Z,200,application/json,188708,714bb277803f76ee07bd79b3649bbbe6a17136555d65cc1391613b1a269ea728,,,first_capture,raw/hf.papers.daily.backfill/2026/09/20260913T195318Z-714bb277803f.json.gz,,"backfill of 2025-02-25; upvotes are as-of-fetch, not as-of-date"
hf.papers.daily.backfill,https://huggingface.co/api/daily_papers?date=2025-02-26,2026-09-13T19:53:19Z,200,application/json,122299,08f7a8c1620d9408163b1cae94aad259b6d852ac7fe3eb075cd35e7e86687b9c,,,first_capture,raw/hf.papers.daily.backfill/2026/09/20260913T195319Z-08f7a8c1620d.json.gz,,"backfill of 2025-02-26; upvotes are as-of-fetch, not as-of-date"
hf.papers.daily.backfill,https://huggingface.co/api/daily_papers?date=2025-02-27,2026-09-13T19:53:21Z,200,application/json,145070,a3d708b7577b936ec6405168ee5e171930779bf9510bb68243bf17624e2b25da,,,first_capture,raw/hf.papers.daily.backfill/2026/09/20260913T195321Z-a3d708b7577b.json.gz,,"backfill of 2025-02-27; upvotes are as-of-fetch, not as-of-date"
hf.papers.daily.backfill,https://huggingface.co/api/daily_papers?date=2025-02-28,2026-09-13T19:53:23Z,200,application/json,131221,5083b1c18cd3ab24aac3d9dec43f19d2b825092cef3a8b4345900d4a29d13e30,,,first_capture,raw/hf.papers.daily.backfill/2026/09/20260913T195323Z-5083b1c18cd3.json.gz,,"backfill of 2025-02-28; upvotes are as-of-fetch, not as-of-date"
hf.papers.daily.backfill,https://huggingface.co/api/daily_papers?date=2025-03-03,2026-09-13T19:53:28Z,200,application/json,97886,45687d3aafadb9f1eb691f0662f075c5bc4300ac4aa330833ba76c781d840464,,,first_capture,raw/hf.papers.daily.backfill/2026/09/20260913T195328Z-45687d3aafad.json.gz,,"backfill of 2025-03-03; upvotes are as-of-fetch, not as-of-date"
hf.papers.daily.backfill,https://huggingface.co/api/daily_papers?date=2025-03-04,2026-09-13T19:53:30Z,200,application/json,187242,ad9fbe5eab87ed441be6f88fd3a33329c27d523caa1ffe113a4ed9041f7037a1,,,first_capture,raw/hf.papers.daily.backfill/2026/09/20260913T195330Z-ad9fbe5eab87.json.gz,,"backfill of 2025-03-04; upvotes are as-of-fetch, not as-of-date"
hf.papers.daily.backfill,https://huggingface.co/api/daily_papers?date=2025-03-05,2026-09-13T19:53:31Z,200,application/json,146539,548dbd300b987fefc0efcab7a03384a8ce2289097dddd4ae22a79b761d918bc8,,,first_capture,raw/hf.papers.daily.backfill/2026/09/20260913T195331Z-548dbd300b98.json.gz,,"backfill of 2025-03-05; upvotes are as-of-fetch, not as-of-date"
hf.papers.daily.backfill,https://huggingface.co/api/daily_papers?date=2025-03-06,2026-09-13T19:53:33Z,200,application/json,121541,3ff098954aa77469b457914d71534cf4294f883842f33d599a68f3f11435cdc7,,,first_capture,raw/hf.papers.daily.backfill/2026/09/20260913T195333Z-3ff098954aa7.json.gz,,"backfill of 2025-03-06; upvotes are as-of-fetch, not as-of-date"
hf.papers.daily.backfill,https://huggingface.co/api/daily_papers?date=2025-03-07,2026-09-13T19:53:35Z,200,application/json,130999,a71fdf2d311943f8c7ccb398eaff16127b433f3b009c0019b1e03f1bf4c02d27,,,first_capture,raw/hf.papers.daily.backfill/2026/09/20260913T195335Z-a71fdf2d3119.json.gz,,"backfill of 2025-03-07; upvotes are as-of-fetch, not as-of-date"
hf.papers.daily.backfill,https://huggingface.co/api/daily_papers?date=2025-03-10,2026-09-13T19:53:40Z,200,application/json,147379,99605ea9c4f1960dae39574d8bc8dd683edbe531211888fb64f7b3fef77c7348,,,first_capture,raw/hf.papers.daily.backfill/2026/09/20260913T195340Z-99605ea9c4f1.json.gz,,"backfill of 2025-03-10; upvotes are as-of-fetch, not as-of-date"
hf.papers.daily.backfill,https://huggingface.co/api/daily_papers?date=2025-03-11,2026-09-13T19:53:43Z,200,application/json,287163,5464d6cb73f8b58c6f877212f6f354ff0694e27495884290399cf5095dd28734,,,first_capture,raw/hf.papers.daily.backfill/2026/09/20260913T195343Z-5464d6cb73f8.json.gz,,"backfill of 2025-03-11; upvotes are as-of-fetch, not as-of-date"
hf.papers.daily.backfill,https://huggingface.co/api/daily_papers?date=2025-03-12,2026-09-13T19:53:45Z,200,application/json,268552,f5296cc497226fe29e73745797a14e222c5d46e415ee8728048857183fcb3e0a,,,first_capture,raw/hf.papers.daily.backfill/2026/09/20260913T195345Z-f5296cc49722.json.gz,,"backfill of 2025-03-12; upvotes are as-of-fetch, not as-of-date"
hf.papers.daily.backfill,https://huggingface.co/api/daily_papers?date=2025-03-13,2026-09-13T19:53:46Z,200,application/json,116814,821a440ea8b644a5796fda19554e6f8716d1d5a10242362d863090add2ae0dde,,,first_capture,raw/hf.papers.daily.backfill/2026/09/20260913T195346Z-821a440ea8b6.json.gz,,"backfill of 2025-03-13; upvotes are as-of-fetch, not as-of-date"
hf.papers.daily.backfill,https://huggingface.co/api/daily_papers?date=2025-03-14,2026-09-13T19:53:48Z,200,application/json,231879,74615a55ef832309ddef2fa8310539e76010b9394cb2c1093e3c3d17f6ee271a,,,first_capture,raw/hf.papers.daily.backfill/2026/09/20260913T195348Z-74615a55ef83.json.gz,,"backfill of 2025-03-14; upvotes are as-of-fetch, not as-of-date"
hf.papers.daily.backfill,https://huggingface.co/api/daily_papers?date=2025-03-17,2026-09-13T19:53:53Z,200,application/json,176567,539e061761d4bb59e31c0651a3655307e102c22a2f9ba36ef690fd07b80d6032,,,first_capture,raw/hf.papers.daily.backfill/2026/09/20260913T195353Z-539e061761d4.json.gz,,"backfill of 2025-03-17; upvotes are as-of-fetch, not as-of-date"
hf.papers.daily.backfill,https://huggingface.co/api/daily_papers?date=2025-03-18,2026-09-13T19:53:55Z,200,application/json,164089,808e632164db3290c66d2b3cfa962151e8175c7ac35dd70d68e5a9f0acb7c47d,,,first_capture,raw/hf.papers.daily.backfill/2026/09/20260913T195355Z-808e632164db.json.gz,,"backfill of 2025-03-18; upvotes are as-of-fetch, not as-of-date"
hf.papers.daily.backfill,https://huggingface.co/api/daily_papers?date=2025-03-19,2026-09-13T19:53:57Z,200,application/json,201406,ebae194e0afa0ac00ffd103934a3bc2128d7826fe6ecce16b66fedc1764e8e2d,,,first_capture,raw/hf.papers.daily.backfill/2026/09/20260913T195357Z-ebae194e0afa.json.gz,,"backfill of 2025-03-19; upvotes are as-of-fetch, not as-of-date"
hf.papers.daily.backfill,https://huggingface.co/api/daily_papers?date=2025-03-20,2026-09-13T19:53:59Z,200,application/json,146776,eb750e332c124a16e6baaec8c5d55a82aaa4f59290b2eaf5d393e3a0d5dbb70c,,,first_capture,raw/hf.papers.daily.backfill/2026/09/20260913T195359Z-eb750e332c12.json.gz,,"backfill of 2025-03-20; upvotes are as-of-fetch, not as-of-date"
hf.papers.daily.backfill,https://huggingface.co/api/daily_papers?date=2025-03-21,2026-09-13T19:54:01Z,200,application/json,291162,a413210ca98cba9165427cafe10778cc9abfd206588b14fa55caf11099a0e59a,,,first_capture,raw/hf.papers.daily.backfill/2026/09/20260913T195401Z-a413210ca98c.json.gz,,"backfill of 2025-03-21; upvotes are as-of-fetch, not as-of-date"
hf.papers.daily.backfill,https://huggingface.co/api/daily_papers?date=2025-03-24,2026-09-13T19:54:05Z,200,application/json,130800,3f52d3231a459751ee072920c2e38bebf523127d9178a409be16036dc64a1a95,,,first_capture,raw/hf.papers.daily.backfill/2026/09/20260913T195405Z-3f52d3231a45.json.gz,,"backfill of 2025-03-24; upvotes are as-of-fetch, not as-of-date"
hf.papers.daily.backfill,https://huggingface.co/api/daily_papers?date=2025-03-25,2026-09-13T19:54:07Z,200,application/json,231107,59c295c32ebaf5ddf03903afaa082c4a141066d29dc616e882a83bc2e9115408,,,first_capture,raw/hf.papers.daily.backfill/2026/09/20260913T195407Z-59c295c32eba.json.gz,,"backfill of 2025-03-25; upvotes are as-of-fetch, not as-of-date"
hf.papers.daily.backfill,https://huggingface.co/api/daily_papers?date=2025-03-26,2026-09-13T19:54:09Z,200,application/json,184217,c71e06023c644a6d824ccc65851f1b5bd78d77bf0be20765e48b23beb211b855,,,first_capture,raw/hf.papers.daily.backfill/2026/09/20260913T195409Z-c71e06023c64.json.gz,,"backfill of 2025-03-26; upvotes are as-of-fetch, not as-of-date"
hf.papers.daily.backfill,https://huggingface.co/api/daily_papers?date=2025-03-27,2026-09-13T19:54:11Z,200,application/json,216703,f28b6bfd1fcf9612d22e56087ca6a187726665f305044d9c4b81b7197e61c144,,,first_capture,raw/hf.papers.daily.backfill/2026/09/20260913T195411Z-f28b6bfd1fcf.json.gz,,"backfill of 2025-03-27; upvotes are as-of-fetch, not as-of-date"
hf.papers.daily.backfill,https://huggingface.co/api/daily_papers?date=2025-03-28,2026-09-13T19:54:13Z,200,application/json,148115,31120fcad33de4b22447b9deab21ea17f90be9a06b75c47e36527e97b77d7a1e,,,first_capture,raw/hf.papers.daily.backfill/2026/09/20260913T195413Z-31120fcad33d.json.gz,,"backfill of 2025-03-28; upvotes are as-of-fetch, not as-of-date"
hf.papers.daily.backfill,https://huggingface.co/api/daily_papers?date=2025-03-31,2026-09-13T19:54:18Z,200,application/json,136929,cae7dcf8a715f1ab790933022527510abfe2d815f28a53044336e1dbac2d839c,,,first_capture,raw/hf.papers.daily.backfill/2026/09/20260913T195418Z-cae7dcf8a715.json.gz,,"backfill of 2025-03-31; upvotes are as-of-fetch, not as-of-date"
hf.papers.daily.backfill,https://huggingface.co/api/daily_papers?date=2025-04-01,2026-09-13T19:54:20Z,200,application/json,157580,b6e89418377cef45c91e747fd6a31c3916113b190d36296f76438c786242c22f,,,first_capture,raw/hf.papers.daily.backfill/2026/09/20260913T195420Z-b6e89418377c.json.gz,,"backfill of 2025-04-01; upvotes are as-of-fetch, not as-of-date"
hf.papers.daily.backfill,https://huggingface.co/api/daily_papers?date=2025-04-02,2026-09-13T19:54:22Z,200,application/json,219985,a6473a9b721c28dbf0f34e58e9febc3370b539c198e7fc4228fec7f9860ac494,,,first_capture,raw/hf.papers.daily.backfill/2026/09/20260913T195422Z-a6473a9b721c.json.gz,,"backfill of 2025-04-02; upvotes are as-of-fetch, not as-of-date"
hf.papers.daily.backfill,https://huggingface.co/api/daily_papers?date=2025-04-03,2026-09-13T19:54:24Z,200,application/json,141618,25d6bfcbfadc1468276e8a9beab95441ed674a807c44754589b0cf83e5ff49bf,,,first_capture,raw/hf.papers.daily.backfill/2026/09/20260913T195424Z-25d6bfcbfadc.json.gz,,"backfill of 2025-04-03; upvotes are as-of-fetch, not as-of-date"
hf.papers.daily.backfill,https://huggingface.co/api/daily_papers?date=2025-04-04,2026-09-13T19:54:26Z,200,application/json,152241,5b73a6ce2b869aeef026d9600bfbae4fa027c4a8cb3a75d58b7fe53987d9e872,,,first_capture,raw/hf.papers.daily.backfill/2026/09/20260913T195426Z-5b73a6ce2b86.json.gz,,"backfill of 2025-04-04; upvotes are as-of-fetch, not as-of-date"
hf.papers.daily.backfill,https://huggingface.co/api/daily_papers?date=2025-04-07,2026-09-13T19:54:30Z,200,application/json,104318,c85163603fcbeb12ddfb8f9addad3592d70cc6cadeac9e6b5a38f3ea869199e0,,,first_capture,raw/hf.papers.daily.backfill/2026/09/20260913T195430Z-c85163603fcb.json.gz,,"backfill of 2025-04-07; upvotes are as-of-fetch, not as-of-date"
hf.papers.daily.backfill,https://huggingface.co/api/daily_papers?date=2025-04-08,2026-09-13T19:54:32Z,200,application/json,146450,aa80a4110c2d9b5308511d4de5d0ba5861eb7b35371a6e3980e96963703659ef,,,first_capture,raw/hf.papers.daily.backfill/2026/09/20260913T195432Z-aa80a4110c2d.json.gz,,"backfill of 2025-04-08; upvotes are as-of-fetch, not as-of-date"
hf.papers.daily.backfill,https://huggingface.co/api/daily_papers?date=2025-04-09,2026-09-13T19:54:34Z,200,application/json,128245,e799c4bd833de0688ac15b8c570e9be999bbee9730d75e97283010b438960b8f,,,first_capture,raw/hf.papers.daily.backfill/2026/09/20260913T195434Z-e799c4bd833d.json.gz,,"backfill of 2025-04-09; upvotes are as-of-fetch, not as-of-date"
hf.papers.daily.backfill,https://huggingface.co/api/daily_papers?date=2025-04-10,2026-09-13T19:54:36Z,200,application/json,126682,33ad32cf0a755c20078d69f80cf9ca17100373050471858c423f4d83376262e1,,,first_capture,raw/hf.papers.daily.backfill/2026/09/20260913T195436Z-33ad32cf0a75.json.gz,,"backfill of 2025-04-10; upvotes are as-of-fetch, not as-of-date"
hf.papers.daily.backfill,https://huggingface.co/api/daily_papers?date=2025-04-11,2026-09-13T19:54:37Z,200,application/json,117638,218a2132b57edc95668f815fe3e5240457865fc53cbe0b65e8104fd071ded64c,,,first_capture,raw/hf.papers.daily.backfill/2026/09/20260913T195437Z-218a2132b57e.json.gz,,"backfill of 2025-04-11; upvotes are as-of-fetch, not as-of-date"
hf.papers.daily.backfill,https://huggingface.co/api/daily_papers?date=2025-04-14,2026-09-13T19:54:42Z,200,application/json,121738,d97646b9de9947c515d693f0ac909ca60dd6c704734a53f99e3a1829a616c55b,,,first_capture,raw/hf.papers.daily.backfill/2026/09/20260913T195442Z-d97646b9de99.json.gz,,"backfill of 2025-04-14; upvotes are as-of-fetch, not as-of-date"
hf.papers.daily.backfill,https://huggingface.co/api/daily_papers?date=2025-04-15,2026-09-13T19:54:44Z,200,application/json,191773,6293f1cd7c5611dec736f38871adabc5f6c706cf9369fa8c8a9009681d4acdc8,,,first_capture,raw/hf.papers.daily.backfill/2026/09/20260913T195444Z-6293f1cd7c56.json.gz,,"backfill of 2025-04-15; upvotes are as-of-fetch, not as-of-date"
hf.papers.daily.backfill,https://huggingface.co/api/daily_papers?date=2025-04-16,2026-09-13T19:54:46Z,200,application/json,176659,c5a319229511391024a767cda7cd731764707dde884efa08f5da869cbfe13b8b,,,first_capture,raw/hf.papers.daily.backfill/2026/09/20260913T195446Z-c5a319229511.json.gz,,"backfill of 2025-04-16; upvotes are as-of-fetch, not as-of-date"
hf.papers.daily.backfill,https://huggingface.co/api/daily_papers?date=2025-04-17,2026-09-13T19:54:48Z,200,application/json,97306,8c3975e8a0dcbabb1464c2e6c80ac99cf7fb1d8afaee40718c333b986a2bf1fa,,,first_capture,raw/hf.papers.daily.backfill/2026/09/20260913T195448Z-8c3975e8a0dc.json.gz,,"backfill of 2025-04-17; upvotes are as-of-fetch, not as-of-date"
hf.papers.daily.backfill,https://huggingface.co/api/daily_papers?date=2025-04-18,2026-09-13T19:54:50Z,200,application/json,136882,34176079e0d3292df83ef6bcf74bb89091dc43d8de6fd6fce019717d21226243,,,first_capture,raw/hf.papers.daily.backfill/2026/09/20260913T195450Z-34176079e0d3.json.gz,,"backfill of 2025-04-18; upvotes are as-of-fetch, not as-of-date"
hf.papers.daily.backfill,https://huggingface.co/api/daily_papers?date=2025-04-21,2026-09-13T19:54:55Z,200,application/json,93733,99a70b4609773d9ce9e7cf8d16726a414e362045f2032c788aebf30a2876c163,,,first_capture,raw/hf.papers.daily.backfill/2026/09/20260913T195455Z-99a70b460977.json.gz,,"backfill of 2025-04-21; upvotes are as-of-fetch, not as-of-date"
hf.papers.daily.backfill,https://huggingface.co/api/daily_papers?date=2025-04-22,2026-09-13T19:54:56Z,200,application/json,180586,475977f7575132ff31b98bca2ab8eacae8317823532a9c4138e92c141d2c0f2d,,,first_capture,raw/hf.papers.daily.backfill/2026/09/20260913T195456Z-475977f75751.json.gz,,"backfill of 2025-04-22; upvotes are as-of-fetch, not as-of-date"
hf.papers.daily.backfill,https://huggingface.co/api/daily_papers?date=2025-04-23,2026-09-13T19:54:58Z,200,application/json,138750,e28122cc318d379218c4db526f1883849036f7f2373eb194cd7bd935f830b212,,,first_capture,raw/hf.papers.daily.backfill/2026/09/20260913T195458Z-e28122cc318d.json.gz,,"backfill of 2025-04-23; upvotes are as-of-fetch, not as-of-date"
hf.papers.daily.backfill,https://huggingface.co/api/daily_papers?date=2025-04-24,2026-09-13T19:55:00Z,200,application/json,117800,112021a64dea4b5a30e291e89c97a2a868b7625285644de55a0f3e78e522526a,,,first_capture,raw/hf.papers.daily.backfill/2026/09/20260913T195500Z-112021a64dea.json.gz,,"backfill of 2025-04-24; upvotes are as-of-fetch, not as-of-date"
hf.papers.daily.backfill,https://huggingface.co/api/daily_papers?date=2025-04-25,2026-09-13T19:55:02Z,200,application/json,108836,9b2c81bfedfc80752ea185946dae80ae05f871d6e2e42b8b2d1e8e0360b51704,,,first_capture,raw/hf.papers.daily.backfill/2026/09/20260913T195502Z-9b2c81bfedfc.json.gz,,"backfill of 2025-04-25; upvotes are as-of-fetch, not as-of-date"
hf.papers.daily.backfill,https://huggingface.co/api/daily_papers?date=2025-04-28,2026-09-13T19:55:07Z,200,application/json,86332,cc16f1777b630c0f676db0887c677da1fe5929d30b6db268a4752e60ac698eeb,,,first_capture,raw/hf.papers.daily.backfill/2026/09/20260913T195507Z-cc16f1777b63.json.gz,,"backfill of 2025-04-28; upvotes are as-of-fetch, not as-of-date"
hf.papers.daily.backfill,https://huggingface.co/api/daily_papers?date=2025-04-29,2026-09-13T19:55:08Z,200,application/json,95933,273b3d161a8d5599fa566cb23808f81a7f3d8f1dc20800352b951929d0293587,,,first_capture,raw/hf.papers.daily.backfill/2026/09/20260913T195508Z-273b3d161a8d.json.gz,,"backfill of 2025-04-29; upvotes are as-of-fetch, not as-of-date"
hf.papers.daily.backfill,https://huggingface.co/api/daily_papers?date=2025-04-30,2026-09-13T19:55:10Z,200,application/json,119610,00199e28e93fce6df7d8d77cc3d0642656fe6f609dcac3d867a604e20a779ece,,,first_capture,raw/hf.papers.daily.backfill/2026/09/20260913T195510Z-00199e28e93f.json.gz,,"backfill of 2025-04-30; upvotes are as-of-fetch, not as-of-date"
hf.papers.daily.backfill,https://huggingface.co/api/daily_papers?date=2025-05-01,2026-09-13T19:55:12Z,200,application/json,114421,ea2b4b13b9cd0c32d85d52c1a3991a87d86395a8c1b01b553a63201d28d72734,,,first_capture,raw/hf.papers.daily.backfill/2026/09/20260913T195512Z-ea2b4b13b9cd.json.gz,,"backfill of 2025-05-01; upvotes are as-of-fetch, not as-of-date"
hf.papers.daily.backfill,https://huggingface.co/api/daily_papers?date=2025-05-02,2026-09-13T19:55:14Z,200,application/json,70637,04cfee675edede18a9acc25013e64059591900993dfdef2f950c049a00ea389e,,,first_capture,raw/hf.papers.daily.backfill/2026/09/20260913T195514Z-04cfee675ede.json.gz,,"backfill of 2025-05-02; upvotes are as-of-fetch, not as-of-date"
hf.papers.daily.backfill,https://huggingface.co/api/daily_papers?date=2025-05-05,2026-09-13T19:55:18Z,200,application/json,59405,10d2f639ca551ae11f94a8b69ef0aaf7814e66b25bfc28954d3ea6cbe3d6f8b8,,,first_capture,raw/hf.papers.daily.backfill/2026/09/20260913T195518Z-10d2f639ca55.json.gz,,"backfill of 2025-05-05; upvotes are as-of-fetch, not as-of-date"
hf.papers.daily.backfill,https://huggingface.co/api/daily_papers?date=2025-05-06,2026-09-13T19:55:20Z,200,application/json,150851,a64248b9472ef0060cb9d0655d57d982568eceee261f6857d3f50b587df2bd7f,,,first_capture,raw/hf.papers.daily.backfill/2026/09/20260913T195520Z-a64248b9472e.json.gz,,"backfill of 2025-05-06; upvotes are as-of-fetch, not as-of-date"
hf.papers.daily.backfill,https://huggingface.co/api/daily_papers?date=2025-05-07,2026-09-13T19:55:22Z,200,application/json,110636,a2794980885a0369721ac6c0e16bce34f91056fd9f4da17e840f5db3a1355eae,,,first_capture,raw/hf.papers.daily.backfill/2026/09/20260913T195522Z-a2794980885a.json.gz,,"backfill of 2025-05-07; upvotes are as-of-fetch, not as-of-date"
hf.papers.daily.backfill,https://huggingface.co/api/daily_papers?date=2025-05-08,2026-09-13T19:55:24Z,200,application/json,104500,b52410ef64412183dd507384995ae2a58b4d391996ef16b19cbb9d41a46a5cb6,,,first_capture,raw/hf.papers.daily.backfill/2026/09/20260913T195524Z-b52410ef6441.json.gz,,"backfill of 2025-05-08; upvotes are as-of-fetch, not as-of-date"
hf.papers.daily.backfill,https://huggingface.co/api/daily_papers?date=2025-05-09,2026-09-13T19:55:26Z,200,application/json,135902,661ea8151ebdf3ba12f024d1c623149b1ef94248ee1faee9d7dcbdb2ab93ecc7,,,first_capture,raw/hf.papers.daily.backfill/2026/09/20260913T195526Z-661ea8151ebd.json.gz,,"backfill of 2025-05-09; upvotes are as-of-fetch, not as-of-date"
hf.papers.daily.backfill,https://huggingface.co/api/daily_papers?date=2025-05-12,2026-09-13T19:55:30Z,200,application/json,44555,16dee8fcc8595efffa89cb478c688e4004f964c42e1ec88d48bd63f489d6e582,,,first_capture,raw/hf.papers.daily.backfill/2026/09/20260913T195530Z-16dee8fcc859.json.gz,,"backfill of 2025-05-12; upvotes are as-of-fetch, not as-of-date"
hf.papers.daily.backfill,https://huggingface.co/api/daily_papers?date=2025-05-13,2026-09-13T19:55:32Z,200,application/json,172024,702ac0ed55e052ca8c40841a694b1b2ec9e7b92d840308dc15ad50bbc27e04e2,,,first_capture,raw/hf.papers.daily.backfill/2026/09/20260913T195532Z-702ac0ed55e0.json.gz,,"backfill of 2025-05-13; upvotes are as-of-fetch, not as-of-date"
hf.papers.daily.backfill,https://huggingface.co/api/daily_papers?date=2025-05-14,2026-09-13T19:55:34Z,200,application/json,88291,df8af5a1558f4a628eed898973908e8a2514cf21061c36c3420ea05cd603dba6,,,first_capture,raw/hf.papers.daily.backfill/2026/09/20260913T195534Z-df8af5a1558f.json.gz,,"backfill of 2025-05-14; upvotes are as-of-fetch, not as-of-date"
hf.papers.daily.backfill,https://huggingface.co/api/daily_papers?date=2025-05-15,2026-09-13T19:55:36Z,200,application/json,100931,6086a487228c9a44cc8a493e0e127314a3ef56937072d9296e26547c589da278,,,first_capture,raw/hf.papers.daily.backfill/2026/09/20260913T195536Z-6086a487228c.json.gz,,"backfill of 2025-05-15; upvotes are as-of-fetch, not as-of-date"
hf.papers.daily.backfill,https://huggingface.co/api/daily_papers?date=2025-05-16,2026-09-13T19:55:38Z,200,application/json,174554,c91f6d23d1812e11a37e788cb8f2bfc99d02ff979b53875cf5f8e3b204ec349c,,,first_capture,raw/hf.papers.daily.backfill/2026/09/20260913T195538Z-c91f6d23d181.json.gz,,"backfill of 2025-05-16; upvotes are as-of-fetch, not as-of-date"
hf.papers.daily.backfill,https://huggingface.co/api/daily_papers?date=2025-05-19,2026-09-13T19:55:42Z,200,application/json,127130,ab0063796247d445b1b85cefdaaa8bc8b3a6861b8591a183ac61d82d8d9e9738,,,first_capture,raw/hf.papers.daily.backfill/2026/09/20260913T195542Z-ab0063796247.json.gz,,"backfill of 2025-05-19; upvotes are as-of-fetch, not as-of-date"
hf.papers.daily.backfill,https://huggingface.co/api/daily_papers?date=2025-05-20,2026-09-13T19:55:44Z,200,application/json,263464,ed5e1dda7b0bb854f1c0f0834bfbbf05428d7a2bb408643cbded384cb5cfe182,,,first_capture,raw/hf.papers.daily.backfill/2026/09/20260913T195544Z-ed5e1dda7b0b.json.gz,,"backfill of 2025-05-20; upvotes are as-of-fetch, not as-of-date"
hf.papers.daily.backfill,https://huggingface.co/api/daily_papers?date=2025-05-21,2026-09-13T19:55:46Z,200,application/json,299472,dca0ce08f32b47a965f5a9cb574561b7390c945295e028eae47a0fa99bd67de4,,,first_capture,raw/hf.papers.daily.backfill/2026/09/20260913T195546Z-dca0ce08f32b.json.gz,,"backfill of 2025-05-21; upvotes are as-of-fetch, not as-of-date"
hf.papers.daily.backfill,https://huggingface.co/api/daily_papers?date=2025-05-22,2026-09-13T19:55:48Z,200,application/json,242615,c06d173be7c366a8d89adc634f415d880981eeb4c6756214aaac7b3d3af8234e,,,first_capture,raw/hf.papers.daily.backfill/2026/09/20260913T195548Z-c06d173be7c3.json.gz,,"backfill of 2025-05-22; upvotes are as-of-fetch, not as-of-date"
hf.papers.daily.backfill,https://huggingface.co/api/daily_papers?date=2025-05-23,2026-09-13T19:55:50Z,200,application/json,268355,4f780eeefa4d4a026696e194319bc0948653af15a788960e3f028f046b8c71b6,,,first_capture,raw/hf.papers.daily.backfill/2026/09/20260913T195550Z-4f780eeefa4d.json.gz,,"backfill of 2025-05-23; upvotes are as-of-fetch, not as-of-date"
hf.papers.daily.backfill,https://huggingface.co/api/daily_papers?date=2025-05-26,2026-09-13T19:55:55Z,200,application/json,274842,a70d61deca433e0a26e08536b33dbe361000aa9e5df3e1b14cedbc1f9dce2206,,,first_capture,raw/hf.papers.daily.backfill/2026/09/20260913T195555Z-a70d61deca43.json.gz,,"backfill of 2025-05-26; upvotes are as-of-fetch, not as-of-date"
hf.papers.daily.backfill,https://huggingface.co/api/daily_papers?date=2025-05-27,2026-09-13T19:55:57Z,200,application/json,315839,bd81c19215eca7a1693809bec3f7fc829c49e80e71bfae5de32eaf23c5fbea9b,,,first_capture,raw/hf.papers.daily.backfill/2026/09/20260913T195557Z-bd81c19215ec.json.gz,,"backfill of 2025-05-27; upvotes are as-of-fetch, not as-of-date"
hf.papers.daily.backfill,https://huggingface.co/api/daily_papers?date=2025-05-28,2026-09-13T19:55:59Z,200,application/json,336140,56467d33cdf415c6f07007a887736841a32f95170fdd1766def4911616c027fe,,,first_capture,raw/hf.papers.daily.backfill/2026/09/20260913T195559Z-56467d33cdf4.json.gz,,"backfill of 2025-05-28; upvotes are as-of-fetch, not as-of-date"
hf.papers.daily.backfill,https://huggingface.co/api/daily_papers?date=2025-05-29,2026-09-13T19:56:01Z,200,application/json,293885,d32caf25d0a0709e7fd4ef1ec447807e873356f8d443f6897313f72d580aa6dc,,,first_capture,raw/hf.papers.daily.backfill/2026/09/20260913T195601Z-d32caf25d0a0.json.gz,,"backfill of 2025-05-29; upvotes are as-of-fetch, not as-of-date"
hf.papers.daily.backfill,https://huggingface.co/api/daily_papers?date=2025-05-30,2026-09-13T19:56:03Z,200,application/json,283246,492fba07d64fa9d08a4e4858665bc1995e5340d9f881ccda1f2d6972fccf649d,,,first_capture,raw/hf.papers.daily.backfill/2026/09/20260913T195603Z-492fba07d64f.json.gz,,"backfill of 2025-05-30; upvotes are as-of-fetch, not as-of-date"
hf.papers.daily.backfill,https://huggingface.co/api/daily_papers?date=2025-06-02,2026-09-13T19:56:08Z,200,application/json,226315,335525292e81af95016abd93c51e0d415aaf2e1b6d01a95a860fe15938218d29,,,first_capture,raw/hf.papers.daily.backfill/2026/09/20260913T195608Z-335525292e81.json.gz,,"backfill of 2025-06-02; upvotes are as-of-fetch, not as-of-date"
hf.papers.daily.backfill,https://huggingface.co/api/daily_papers?date=2025-06-03,2026-09-13T19:56:10Z,200,application/json,299746,2c22433f5c71cd196f4e8e3e700e4ba30649c6426c763df074619eabff510408,,,first_capture,raw/hf.papers.daily.backfill/2026/09/20260913T195610Z-2c22433f5c71.json.gz,,"backfill of 2025-06-03; upvotes are as-of-fetch, not as-of-date"
hf.papers.daily.backfill,https://huggingface.co/api/daily_papers?date=2025-06-04,2026-09-13T19:56:12Z,200,application/json,301860,3b796c046bc2691211b86377d20700427d45bbd6494616f5e957b59ba3c407f3,,,first_capture,raw/hf.papers.daily.backfill/2026/09/20260913T195612Z-3b796c046bc2.json.gz,,"backfill of 2025-06-04; upvotes are as-of-fetch, not as-of-date"
hf.papers.daily.backfill,https://huggingface.co/api/daily_papers?date=2025-06-05,2026-09-13T19:56:14Z,200,application/json,304720,d6d4b7021b5b8b766f1ddf7dbd939f33f743f85d1930fd8c547cccd0396aeb44,,,first_capture,raw/hf.papers.daily.backfill/2026/09/20260913T195614Z-d6d4b7021b5b.json.gz,,"backfill of 2025-06-05; upvotes are as-of-fetch, not as-of-date"
hf.papers.daily.backfill,https://huggingface.co/api/daily_papers?date=2025-06-06,2026-09-13T19:56:16Z,200,application/json,264081,9c6910094e93ff163f37a01bf5690e7e5263ef93d4e6cae8878d7dd44ce492a3,,,first_capture,raw/hf.papers.daily.backfill/2026/09/20260913T195616Z-9c6910094e93.json.gz,,"backfill of 2025-06-06; upvotes are as-of-fetch, not as-of-date"
hf.papers.daily.backfill,https://huggingface.co/api/daily_papers?date=2025-06-09,2026-09-13T19:56:21Z,200,application/json,141723,60583efd57169d43c59ffb5b9456caf796d1a4a69e6e06ac2a42efd085bba0b6,,,first_capture,raw/hf.papers.daily.backfill/2026/09/20260913T195621Z-60583efd5716.json.gz,,"backfill of 2025-06-09; upvotes are as-of-fetch, not as-of-date"
hf.papers.daily.backfill,https://huggingface.co/api/daily_papers?date=2025-06-10,2026-09-13T19:56:23Z,200,application/json,290168,58c336f4dc5727341ef8eba9b199ee468b6286fc31efaf76bfbf4630b42cf625,,,first_capture,raw/hf.papers.daily.backfill/2026/09/20260913T195623Z-58c336f4dc57.json.gz,,"backfill of 2025-06-10; upvotes are as-of-fetch, not as-of-date"
hf.papers.daily.backfill,https://huggingface.co/api/daily_papers?date=2025-06-11,2026-09-13T19:56:25Z,200,application/json,118683,33ef620f96d10944e7de983397301a8e14385168da0e38aa2a7706282a818536,,,first_capture,raw/hf.papers.daily.backfill/2026/09/20260913T195625Z-33ef620f96d1.json.gz,,"backfill of 2025-06-11; upvotes are as-of-fetch, not as-of-date"
hf.papers.daily.backfill,https://huggingface.co/api/daily_papers?date=2025-06-12,2026-09-13T19:56:27Z,200,application/json,156338,fa92b60fc1c6e1a24f7bb5e5f34a85025716858de674e3544f4e5c655c7f7d9d,,,first_capture,raw/hf.papers.daily.backfill/2026/09/20260913T195627Z-fa92b60fc1c6.json.gz,,"backfill of 2025-06-12; upvotes are as-of-fetch, not as-of-date"
hf.papers.daily.backfill,https://huggingface.co/api/daily_papers?date=2025-06-13,2026-09-13T19:56:29Z,200,application/json,253925,af40c45567dc4a02a3fbf5cf83908dd4fecdaca6d5e05808b923b229d3b47cab,,,first_capture,raw/hf.papers.daily.backfill/2026/09/20260913T195629Z-af40c45567dc.json.gz,,"backfill of 2025-06-13; upvotes are as-of-fetch, not as-of-date"
hf.papers.daily.backfill,https://huggingface.co/api/daily_papers?date=2025-06-16,2026-09-13T19:56:34Z,200,application/json,155960,7ba5e7622366ae50eb1d09e1771d3e695ab3709624357205cc68d974b4bc5afe,,,first_capture,raw/hf.papers.daily.backfill/2026/09/20260913T195634Z-7ba5e7622366.json.gz,,"backfill of 2025-06-16; upvotes are as-of-fetch, not as-of-date"
hf.papers.daily.backfill,https://huggingface.co/api/daily_papers?date=2025-06-17,2026-09-13T19:56:36Z,200,application/json,231902,297f2edcfebf90a37cc71055a3ab13cfbebcea4fe9904db7be7d18cd579e67c7,,,first_capture,raw/hf.papers.daily.backfill/2026/09/20260913T195636Z-297f2edcfebf.json.gz,,"backfill of 2025-06-17; upvotes are as-of-fetch, not as-of-date"
hf.papers.daily.backfill,https://huggingface.co/api/daily_papers?date=2025-06-18,2026-09-13T19:56:38Z,200,application/json,215615,03c8c1945ab35bb6da2b61e0a6184a06199df691b52085179671983a072772ae,,,first_capture,raw/hf.papers.daily.backfill/2026/09/20260913T195638Z-03c8c1945ab3.json.gz,,"backfill of 2025-06-18; upvotes are as-of-fetch, not as-of-date"
hf.papers.daily.backfill,https://huggingface.co/api/daily_papers?date=2025-06-19,2026-09-13T19:56:39Z,200,application/json,108692,3b23d19b6a4d866b46c9aa5b5ea4a703ba15172ac75fae671938632bee6f0e68,,,first_capture,raw/hf.papers.daily.backfill/2026/09/20260913T195639Z-3b23d19b6a4d.json.gz,,"backfill of 2025-06-19; upvotes are as-of-fetch, not as-of-date"
hf.papers.daily.backfill,https://huggingface.co/api/daily_papers?date=2025-06-20,2026-09-13T19:56:41Z,200,application/json,39350,68e9398dfa1f11cb660963cab08bb8853728a136264cc22a1f962ad452cdc9a2,,,first_capture,raw/hf.papers.daily.backfill/2026/09/20260913T195641Z-68e9398dfa1f.json.gz,,"backfill of 2025-06-20; upvotes are as-of-fetch, not as-of-date"
hf.papers.daily.backfill,https://huggingface.co/api/daily_papers?date=2025-06-23,2026-09-13T19:56:46Z,200,application/json,102476,532268be023bdd44a33cfea543554b0124252f0193cfc53ba0c419bd6f5f176b,,,first_capture,raw/hf.papers.daily.backfill/2026/09/20260913T195646Z-532268be023b.json.gz,,"backfill of 2025-06-23; upvotes are as-of-fetch, not as-of-date"
hf.papers.daily.backfill,https://huggingface.co/api/daily_papers?date=2025-06-24,2026-09-13T19:56:48Z,200,application/json,231255,ac589c6a07a1a2f842437eb7f5cd598fbc28d542f94698c171c9ff96872395b6,,,first_capture,raw/hf.papers.daily.backfill/2026/09/20260913T195648Z-ac589c6a07a1.json.gz,,"backfill of 2025-06-24; upvotes are as-of-fetch, not as-of-date"
hf.papers.daily.backfill,https://huggingface.co/api/daily_papers?date=2025-06-25,2026-09-13T19:56:50Z,200,application/json,133244,eb41cbd34a3d73e3fabfac9deddb9196fb9d4b83ef2f718dbaf4806dd1e33c55,,,first_capture,raw/hf.papers.daily.backfill/2026/09/20260913T195650Z-eb41cbd34a3d.json.gz,,"backfill of 2025-06-25; upvotes are as-of-fetch, not as-of-date"
hf.papers.daily.backfill,https://huggingface.co/api/daily_papers?date=2025-06-26,2026-09-13T19:56:52Z,200,application/json,110155,d64c3b1a0a4e9a21419e5a11979988eb7e1de1bd93f357c25f6bb8f9eae2bbe8,,,first_capture,raw/hf.papers.daily.backfill/2026/09/20260913T195652Z-d64c3b1a0a4e.json.gz,,"backfill of 2025-06-26; upvotes are as-of-fetch, not as-of-date"
hf.papers.daily.backfill,https://huggingface.co/api/daily_papers?date=2025-06-27,2026-09-13T19:56:53Z,200,application/json,102704,3b6377a820895c37fa98941554e182c8ea0c3ba655f2914622c724aaff92b333,,,first_capture,raw/hf.papers.daily.backfill/2026/09/20260913T195653Z-3b6377a82089.json.gz,,"backfill of 2025-06-27; upvotes are as-of-fetch, not as-of-date"
hf.papers.daily.backfill,https://huggingface.co/api/daily_papers?date=2025-06-30,2026-09-13T19:56:58Z,200,application/json,144790,f9f57efcc42faf3d3c6c55c8c806c98e22d23779198317fb436e0153c0a97a54,,,first_capture,raw/hf.papers.daily.backfill/2026/09/20260913T195658Z-f9f57efcc42f.json.gz,,"backfill of 2025-06-30; upvotes are as-of-fetch, not as-of-date"
hf.papers.daily.backfill,https://huggingface.co/api/daily_papers?date=2025-07-01,2026-09-13T19:57:00Z,200,application/json,113645,46b1a43d5f9087b4cfb21dd7fd7ead07c7e8958f989290fe9dae5e69346f86ec,,,first_capture,raw/hf.papers.daily.backfill/2026/09/20260913T195700Z-46b1a43d5f90.json.gz,,"backfill of 2025-07-01; upvotes are as-of-fetch, not as-of-date"
hf.papers.daily.backfill,https://huggingface.co/api/daily_papers?date=2025-07-02,2026-09-13T19:57:01Z,200,application/json,131229,9bd01be8542a32ec4599f93bdcb7e328eafd6370c8f7f54d7059bafcc1eda6a9,,,first_capture,raw/hf.papers.daily.backfill/2026/09/20260913T195701Z-9bd01be8542a.json.gz,,"backfill of 2025-07-02; upvotes are as-of-fetch, not as-of-date"
hf.papers.daily.backfill,https://huggingface.co/api/daily_papers?date=2025-07-03,2026-09-13T19:57:03Z,200,application/json,73162,5f4a2eb4b63c41e257de49d6bc1cb29e053813cd0dbd112fb6f8e0bf37dbb2b4,,,first_capture,raw/hf.papers.daily.backfill/2026/09/20260913T195703Z-5f4a2eb4b63c.json.gz,,"backfill of 2025-07-03; upvotes are as-of-fetch, not as-of-date"
hf.papers.daily.backfill,https://huggingface.co/api/daily_papers?date=2025-07-04,2026-09-13T19:57:05Z,200,application/json,99707,7e482b7069b079a93fe8703683be121b6dfd56f27ddc56b3ddd00bc36e825d04,,,first_capture,raw/hf.papers.daily.backfill/2026/09/20260913T195705Z-7e482b7069b0.json.gz,,"backfill of 2025-07-04; upvotes are as-of-fetch, not as-of-date"
hf.papers.daily.backfill,https://huggingface.co/api/daily_papers?date=2025-07-07,2026-09-13T19:57:09Z,200,application/json,22064,15b9428b2b77d7f1959a011476cf51573d494bd240f9da4de453bfe8c5c85b5e,,,first_capture,raw/hf.papers.daily.backfill/2026/09/20260913T195709Z-15b9428b2b77.json.gz,,"backfill of 2025-07-07; upvotes are as-of-fetch, not as-of-date"
hf.papers.daily.backfill,https://huggingface.co/api/daily_papers?date=2025-07-08,2026-09-13T19:57:11Z,200,application/json,170303,c8db75ea9b45bc000a9e4a75b1ac032ecafcfeadcbca04fa8908fcb92453f514,,,first_capture,raw/hf.papers.daily.backfill/2026/09/20260913T195711Z-c8db75ea9b45.json.gz,,"backfill of 2025-07-08; upvotes are as-of-fetch, not as-of-date"
hf.papers.daily.backfill,https://huggingface.co/api/daily_papers?date=2025-07-09,2026-09-13T19:57:13Z,200,application/json,183686,7e664f43905175153e89ec8b3c6ebffe7f89cae06ff8ae19848e09528ec3e30b,,,first_capture,raw/hf.papers.daily.backfill/2026/09/20260913T195713Z-7e664f439051.json.gz,,"backfill of 2025-07-09; upvotes are as-of-fetch, not as-of-date"
hf.papers.daily.backfill,https://huggingface.co/api/daily_papers?date=2025-07-10,2026-09-13T19:57:15Z,200,application/json,136182,1d4ecd0a5caf01ef2c5a3477ba50055672ceff649ae1494109b4f6f9281fd3d9,,,first_capture,raw/hf.papers.daily.backfill/2026/09/20260913T195715Z-1d4ecd0a5caf.json.gz,,"backfill of 2025-07-10; upvotes are as-of-fetch, not as-of-date"
hf.papers.daily.backfill,https://huggingface.co/api/daily_papers?date=2025-07-11,2026-09-13T19:57:17Z,200,application/json,109282,97f5da6b4c26fd5d6f0bb33c4b10aaeaedd23402eed3798d108d5b3fb7651a17,,,first_capture,raw/hf.papers.daily.backfill/2026/09/20260913T195717Z-97f5da6b4c26.json.gz,,"backfill of 2025-07-11; upvotes are as-of-fetch, not as-of-date"
hf.papers.daily.backfill,https://huggingface.co/api/daily_papers?date=2025-07-14,2026-09-13T19:57:21Z,200,application/json,364061,83081ce7897cc5bfda58df450b188c111df4cf2a463a3333c4221e576afa1784,,,first_capture,raw/hf.papers.daily.backfill/2026/09/20260913T195721Z-83081ce7897c.json.gz,,"backfill of 2025-07-14; upvotes are as-of-fetch, not as-of-date"
hf.papers.daily.backfill,https://huggingface.co/api/daily_papers?date=2025-07-15,2026-09-13T19:57:23Z,200,application/json,83366,3ccee99928538774836596f7aac8c3072550a58bce918fa4d9afae517cb25ab2,,,first_capture,raw/hf.papers.daily.backfill/2026/09/20260913T195723Z-3ccee9992853.json.gz,,"backfill of 2025-07-15; upvotes are as-of-fetch, not as-of-date"
hf.papers.daily.backfill,https://huggingface.co/api/daily_papers?date=2025-07-16,2026-09-13T19:57:25Z,200,application/json,77591,e6fba2973d1db48c5f64b64df9c4381ddea32ebbc22b437a59da168c7bc1451f,,,first_capture,raw/hf.papers.daily.backfill/2026/09/20260913T195725Z-e6fba2973d1d.json.gz,,"backfill of 2025-07-16; upvotes are as-of-fetch, not as-of-date"
hf.papers.daily.backfill,https://huggingface.co/api/daily_papers?date=2025-07-17,2026-09-13T19:57:27Z,200,application/json,94680,889d490f625f5be1bd2021407e9714fe8817fe6f92c720ee61dae5700ba52bf2,,,first_capture,raw/hf.papers.daily.backfill/2026/09/20260913T195727Z-889d490f625f.json.gz,,"backfill of 2025-07-17; upvotes are as-of-fetch, not as-of-date"
hf.papers.daily.backfill,https://huggingface.co/api/daily_papers?date=2025-07-18,2026-09-13T19:57:28Z,200,application/json,99659,d79438cefe8a02db9feead894a3ad0d53a9be252795ea91adb6031b712459bdb,,,first_capture,raw/hf.papers.daily.backfill/2026/09/20260913T195728Z-d79438cefe8a.json.gz,,"backfill of 2025-07-18; upvotes are as-of-fetch, not as-of-date"
hf.papers.daily.backfill,https://huggingface.co/api/daily_papers?date=2025-07-21,2026-09-13T19:57:33Z,200,application/json,69791,bdc253001208de17395a9255592833169bf408c9dd7fce5f30385648dafe2101,,,first_capture,raw/hf.papers.daily.backfill/2026/09/20260913T195733Z-bdc253001208.json.gz,,"backfill of 2025-07-21; upvotes are as-of-fetch, not as-of-date"
hf.papers.daily.backfill,https://huggingface.co/api/daily_papers?date=2025-07-22,2026-09-13T19:57:35Z,200,application/json,169721,f4e41d19b9e1575ae569b5b59d941c9a21e9698679313021813101b4f05d881e,,,first_capture,raw/hf.papers.daily.backfill/2026/09/20260913T195735Z-f4e41d19b9e1.json.gz,,"backfill of 2025-07-22; upvotes are as-of-fetch, not as-of-date"
hf.papers.daily.backfill,https://huggingface.co/api/daily_papers?date=2025-07-23,2026-09-13T19:57:37Z,200,application/json,106868,b667eb86538f395d1bf003d424244728dc4ba0b4d57f9911588c814689b6c225,,,first_capture,raw/hf.papers.daily.backfill/2026/09/20260913T195737Z-b667eb86538f.json.gz,,"backfill of 2025-07-23; upvotes are as-of-fetch, not as-of-date"
hf.papers.daily.backfill,https://huggingface.co/api/daily_papers?date=2025-07-24,2026-09-13T19:57:38Z,200,application/json,68096,450fa334a13462a7ddae157f153ffe73cf2e2b4be48d8a8b89bf535f47c1a027,,,first_capture,raw/hf.papers.daily.backfill/2026/09/20260913T195738Z-450fa334a134.json.gz,,"backfill of 2025-07-24; upvotes are as-of-fetch, not as-of-date"
hf.papers.daily.backfill,https://huggingface.co/api/daily_papers?date=2025-07-25,2026-09-13T19:57:40Z,200,application/json,120565,dc7c926e634eeea51519c14b1b3f083fa0beaeaffda6ef1887497ca661d1213d,,,first_capture,raw/hf.papers.daily.backfill/2026/09/20260913T195740Z-dc7c926e634e.json.gz,,"backfill of 2025-07-25; upvotes are as-of-fetch, not as-of-date"
hf.papers.daily.backfill,https://huggingface.co/api/daily_papers?date=2025-07-28,2026-09-13T19:57:45Z,200,application/json,69138,aae9c30ba32353332d80d89b1d018d47aa36f505796fedb6b13f5a06ddfe9691,,,first_capture,raw/hf.papers.daily.backfill/2026/09/20260913T195745Z-aae9c30ba323.json.gz,,"backfill of 2025-07-28; upvotes are as-of-fetch, not as-of-date"
hf.papers.daily.backfill,https://huggingface.co/api/daily_papers?date=2025-07-29,2026-09-13T19:57:47Z,200,application/json,135747,89657ef194e5cd0aa2fef9d566bccdee86d092f2d97f801198da755f6be03339,,,first_capture,raw/hf.papers.daily.backfill/2026/09/20260913T195747Z-89657ef194e5.json.gz,,"backfill of 2025-07-29; upvotes are as-of-fetch, not as-of-date"
hf.papers.daily.backfill,https://huggingface.co/api/daily_papers?date=2025-07-30,2026-09-13T19:57:49Z,200,application/json,60811,ff4a131db8afadc78244334c067dcfc65133e2ab3a1538eefceb0e7cb3906a19,,,first_capture,raw/hf.papers.daily.backfill/2026/09/20260913T195749Z-ff4a131db8af.json.gz,,"backfill of 2025-07-30; upvotes are as-of-fetch, not as-of-date"
hf.papers.daily.backfill,https://huggingface.co/api/daily_papers?date=2025-07-31,2026-09-13T19:57:51Z,200,application/json,92933,bd741073b6cd5ef9bc3b4bf37d5b05eebd3c15674c1b866c9eebf73d917af7ac,,,first_capture,raw/hf.papers.daily.backfill/2026/09/20260913T195751Z-bd741073b6cd.json.gz,,"backfill of 2025-07-31; upvotes are as-of-fetch, not as-of-date"
hf.papers.daily.backfill,https://huggingface.co/api/daily_papers?date=2025-08-01,2026-09-13T19:57:52Z,200,application/json,92120,3cc0ef498952c1c72bf9b3ae074c3a20e72ddc618efeb7395e7aa71b25df15a1,,,first_capture,raw/hf.papers.daily.backfill/2026/09/20260913T195752Z-3cc0ef498952.json.gz,,"backfill of 2025-08-01; upvotes are as-of-fetch, not as-of-date"
hf.papers.daily.backfill,https://huggingface.co/api/daily_papers?date=2025-08-04,2026-09-13T19:57:57Z,200,application/json,81836,132949cbfe24d04c804f3b44a1ed24dad1f73140c25e4600745e451016e3c4ef,,,first_capture,raw/hf.papers.daily.backfill/2026/09/20260913T195757Z-132949cbfe24.json.gz,,"backfill of 2025-08-04; upvotes are as-of-fetch, not as-of-date"
hf.papers.daily.backfill,https://huggingface.co/api/daily_papers?date=2025-08-05,2026-09-13T19:57:59Z,200,application/json,145332,b93cfabb05d51e3804c3c9a4d7c6836c590dac8511fa452fc8cda3cc16745eac,,,first_capture,raw/hf.papers.daily.backfill/2026/09/20260913T195759Z-b93cfabb05d5.json.gz,,"backfill of 2025-08-05; upvotes are as-of-fetch, not as-of-date"
hf.papers.daily.backfill,https://huggingface.co/api/daily_papers?date=2025-08-06,2026-09-13T19:58:01Z,200,application/json,125553,8c0f17fc561f45342db6315711604a2433f6b3412b0a247332bf1b1636d4f487,,,first_capture,raw/hf.papers.daily.backfill/2026/09/20260913T195801Z-8c0f17fc561f.json.gz,,"backfill of 2025-08-06; upvotes are as-of-fetch, not as-of-date"
hf.papers.daily.backfill,https://huggingface.co/api/daily_papers?date=2025-08-07,2026-09-13T19:58:02Z,200,application/json,224669,e053d036a67b5f7403c0356c096f12bc0c938e6d999b3880726726098b81cdf2,,,first_capture,raw/hf.papers.daily.backfill/2026/09/20260913T195802Z-e053d036a67b.json.gz,,"backfill of 2025-08-07; upvotes are as-of-fetch, not as-of-date"
hf.papers.daily.backfill,https://huggingface.co/api/daily_papers?date=2025-08-08,2026-09-13T19:58:04Z,200,application/json,142563,4d31fca47424b3922e862f4f0302aa611a55d7209b3544b00ddf2f89764c3f80,,,first_capture,raw/hf.papers.daily.backfill/2026/09/20260913T195804Z-4d31fca47424.json.gz,,"backfill of 2025-08-08; upvotes are as-of-fetch, not as-of-date"
hf.papers.daily.backfill,https://huggingface.co/api/daily_papers?date=2025-08-11,2026-09-13T19:58:09Z,200,application/json,99295,9b8ac8fc7fe7197c3865eb5a1412ff28e457df49412a466495a576750b9e7c02,,,first_capture,raw/hf.papers.daily.backfill/2026/09/20260913T195809Z-9b8ac8fc7fe7.json.gz,,"backfill of 2025-08-11; upvotes are as-of-fetch, not as-of-date"
hf.papers.daily.backfill,https://huggingface.co/api/daily_papers?date=2025-08-12,2026-09-13T19:58:11Z,200,application/json,182985,6d7405fde3b72a0b97101985d15955e5c4bfb768962aa9ce4bc44235e52c3c4a,,,first_capture,raw/hf.papers.daily.backfill/2026/09/20260913T195811Z-6d7405fde3b7.json.gz,,"backfill of 2025-08-12; upvotes are as-of-fetch, not as-of-date"
hf.papers.daily.backfill,https://huggingface.co/api/daily_papers?date=2025-08-13,2026-09-13T19:58:13Z,200,application/json,206062,febf0952d0b503f7a230ca12dc4085b9c9cf42af59f3b92a3f103e48ab88e027,,,first_capture,raw/hf.papers.daily.backfill/2026/09/20260913T195813Z-febf0952d0b5.json.gz,,"backfill of 2025-08-13; upvotes are as-of-fetch, not as-of-date"
hf.papers.daily.backfill,https://huggingface.co/api/daily_papers?date=2025-08-14,2026-09-13T19:58:15Z,200,application/json,132807,40da25b1da586ae0a393a2c4c7cba065a9a89c6fb4ff05125e84c8467c8bd7f7,,,first_capture,raw/hf.papers.daily.backfill/2026/09/20260913T195815Z-40da25b1da58.json.gz,,"backfill of 2025-08-14; upvotes are as-of-fetch, not as-of-date"
hf.papers.daily.backfill,https://huggingface.co/api/daily_papers?date=2025-08-15,2026-09-13T19:58:16Z,200,application/json,78790,84f38ee073b1478b8340c854287c34137149a27776f9eb844b7c65fa0983bcd0,,,first_capture,raw/hf.papers.daily.backfill/2026/09/20260913T195816Z-84f38ee073b1.json.gz,,"backfill of 2025-08-15; upvotes are as-of-fetch, not as-of-date"
hf.papers.daily.backfill,https://huggingface.co/api/daily_papers?date=2025-08-18,2026-09-13T19:58:21Z,200,application/json,81135,a472309dce73e347d325e0780676b66a9fca89b02d35b8ba48b59de3842e0532,,,first_capture,raw/hf.papers.daily.backfill/2026/09/20260913T195821Z-a472309dce73.json.gz,,"backfill of 2025-08-18; upvotes are as-of-fetch, not as-of-date"
hf.papers.daily.backfill,https://huggingface.co/api/daily_papers?date=2025-08-19,2026-09-13T19:58:23Z,200,application/json,121066,a71673d2edcefad339c105f22e514b01b1adeab35bd4f32abbc5c2852c85eceb,,,first_capture,raw/hf.papers.daily.backfill/2026/09/20260913T195823Z-a71673d2edce.json.gz,,"backfill of 2025-08-19; upvotes are as-of-fetch, not as-of-date"
hf.papers.daily.backfill,https://huggingface.co/api/daily_papers?date=2025-08-20,2026-09-13T19:58:25Z,200,application/json,168051,57a92a56acc59f0574321c916083d58713afa0aedfe7e37d9afa7299a5f7d744,,,first_capture,raw/hf.papers.daily.backfill/2026/09/20260913T195825Z-57a92a56acc5.json.gz,,"backfill of 2025-08-20; upvotes are as-of-fetch, not as-of-date"
hf.papers.daily.backfill,https://huggingface.co/api/daily_papers?date=2025-08-21,2026-09-13T19:58:26Z,200,application/json,145413,e42f564e90056055a3698da436d8cec733676fe42d296a473cc9988e4d8220f6,,,first_capture,raw/hf.papers.daily.backfill/2026/09/20260913T195826Z-e42f564e9005.json.gz,,"backfill of 2025-08-21; upvotes are as-of-fetch, not as-of-date"
hf.papers.daily.backfill,https://huggingface.co/api/daily_papers?date=2025-08-22,2026-09-13T19:58:28Z,200,application/json,123599,fa607ba3d0564cb70037ec41f14c80f4f633cc264f2e5cebd1ec5191280c3988,,,first_capture,raw/hf.papers.daily.backfill/2026/09/20260913T195828Z-fa607ba3d056.json.gz,,"backfill of 2025-08-22; upvotes are as-of-fetch, not as-of-date"
hf.papers.daily.backfill,https://huggingface.co/api/daily_papers?date=2025-08-25,2026-09-13T19:58:33Z,200,application/json,108082,079b046fe6b370e29de83fa0652d4282befe25113a1c0370a31e5257fd423f9c,,,first_capture,raw/hf.papers.daily.backfill/2026/09/20260913T195833Z-079b046fe6b3.json.gz,,"backfill of 2025-08-25; upvotes are as-of-fetch, not as-of-date"
hf.papers.daily.backfill,https://huggingface.co/api/daily_papers?date=2025-08-26,2026-09-13T19:58:35Z,200,application/json,138588,bf5b5519ba3765dee4b0e34aac28383ea38067dfcde554401327c32f9739767d,,,first_capture,raw/hf.papers.daily.backfill/2026/09/20260913T195835Z-bf5b5519ba37.json.gz,,"backfill of 2025-08-26; upvotes are as-of-fetch, not as-of-date"
hf.papers.daily.backfill,https://huggingface.co/api/daily_papers?date=2025-08-27,2026-09-13T19:58:37Z,200,application/json,163182,05137a83ffd100337904fd2534a2ba29db957add0893efe4c759edd607d6ba1f,,,first_capture,raw/hf.papers.daily.backfill/2026/09/20260913T195837Z-05137a83ffd1.json.gz,,"backfill of 2025-08-27; upvotes are as-of-fetch, not as-of-date"
hf.papers.daily.backfill,https://huggingface.co/api/daily_papers?date=2025-08-28,2026-09-13T19:58:38Z,200,application/json,98121,f47d54de6021c4926b30a871aa1c88cab50fb20b9635e6fa668355f0439e9c8e,,,first_capture,raw/hf.papers.daily.backfill/2026/09/20260913T195838Z-f47d54de6021.json.gz,,"backfill of 2025-08-28; upvotes are as-of-fetch, not as-of-date"
hf.papers.daily.backfill,https://huggingface.co/api/daily_papers?date=2025-08-29,2026-09-13T19:58:40Z,200,application/json,105699,4a3ef0545b3e67aa489312299a949e33d2ddae23c3105d1533de3fbbe92892a4,,,first_capture,raw/hf.papers.daily.backfill/2026/09/20260913T195840Z-4a3ef0545b3e.json.gz,,"backfill of 2025-08-29; upvotes are as-of-fetch, not as-of-date"
hf.papers.daily.backfill,https://huggingface.co/api/daily_papers?date=2025-09-01,2026-09-13T19:58:45Z,200,application/json,125529,0e9cae19f1651da2d4f3e5f8c9c384aa6ac79a79b35ff24fe5311ee4120a562f,,,first_capture,raw/hf.papers.daily.backfill/2026/09/20260913T195845Z-0e9cae19f165.json.gz,,"backfill of 2025-09-01; upvotes are as-of-fetch, not as-of-date"
hf.papers.daily.backfill,https://huggingface.co/api/daily_papers?date=2025-09-02,2026-09-13T19:58:47Z,200,application/json,38520,0558e14825c4cd74c6fa138f4b02db06a2b71d4c2d647e53928182ec9bc0ea85,,,first_capture,raw/hf.papers.daily.backfill/2026/09/20260913T195847Z-0558e14825c4.json.gz,,"backfill of 2025-09-02; upvotes are as-of-fetch, not as-of-date"
hf.papers.daily.backfill,https://huggingface.co/api/daily_papers?date=2025-09-03,2026-09-13T19:58:49Z,200,application/json,248440,3d289f25abc9e4a74893c9c13b24c47189f351237fad9322d20f658083040e28,,,first_capture,raw/hf.papers.daily.backfill/2026/09/20260913T195849Z-3d289f25abc9.json.gz,,"backfill of 2025-09-03; upvotes are as-of-fetch, not as-of-date"
hf.papers.daily.backfill,https://huggingface.co/api/daily_papers?date=2025-09-04,2026-09-13T19:58:51Z,200,application/json,59028,4880ba0e640814016c69a2000e85f1768aad0da2cbd789a08651a0877aa230da,,,first_capture,raw/hf.papers.daily.backfill/2026/09/20260913T195851Z-4880ba0e6408.json.gz,,"backfill of 2025-09-04; upvotes are as-of-fetch, not as-of-date"
hf.papers.daily.backfill,https://huggingface.co/api/daily_papers?date=2025-09-05,2026-09-13T19:58:52Z,200,application/json,92612,64dd7ac8cfe6ca4aa7c2641c1d7ce46d2bd8c31f988ee4f922708f6edd77117a,,,first_capture,raw/hf.papers.daily.backfill/2026/09/20260913T195852Z-64dd7ac8cfe6.json.gz,,"backfill of 2025-09-05; upvotes are as-of-fetch, not as-of-date"
hf.papers.daily.backfill,https://huggingface.co/api/daily_papers?date=2025-09-08,2026-09-13T19:58:57Z,200,application/json,63723,8959a3b19cde21b7688727d84be7a7524b7b26d918d3da2698e81efb3f80bae5,,,first_capture,raw/hf.papers.daily.backfill/2026/09/20260913T195857Z-8959a3b19cde.json.gz,,"backfill of 2025-09-08; upvotes are as-of-fetch, not as-of-date"
hf.papers.daily.backfill,https://huggingface.co/api/daily_papers?date=2025-09-09,2026-09-13T19:58:59Z,200,application/json,145429,21f64ab9cace68f979ec1759b15f4ea3fe5fe7ea6d7cacb5e005bf7bc808e8ac,,,first_capture,raw/hf.papers.daily.backfill/2026/09/20260913T195859Z-21f64ab9cace.json.gz,,"backfill of 2025-09-09; upvotes are as-of-fetch, not as-of-date"
hf.papers.daily.backfill,https://huggingface.co/api/daily_papers?date=2025-09-10,2026-09-13T19:59:01Z,200,application/json,105081,26f78a82bbfe2aaa7b32090d1feea2767b43acaee1cde4c989d0a85ea9165fef,,,first_capture,raw/hf.papers.daily.backfill/2026/09/20260913T195901Z-26f78a82bbfe.json.gz,,"backfill of 2025-09-10; upvotes are as-of-fetch, not as-of-date"
hf.papers.daily.backfill,https://huggingface.co/api/daily_papers?date=2025-09-11,2026-09-13T19:59:03Z,200,application/json,74874,c7818ab20e55451773f8acb29ed95c9343dd0deea4c45348537f1025e01e72bf,,,first_capture,raw/hf.papers.daily.backfill/2026/09/20260913T195903Z-c7818ab20e55.json.gz,,"backfill of 2025-09-11; upvotes are as-of-fetch, not as-of-date"
hf.papers.daily.backfill,https://huggingface.co/api/daily_papers?date=2025-09-12,2026-09-13T19:59:05Z,200,application/json,163113,a62f8ba8ae8cdc8887502b44d208f1a03c3ec302eb183314aab7765400bb70e4,,,first_capture,raw/hf.papers.daily.backfill/2026/09/20260913T195905Z-a62f8ba8ae8c.json.gz,,"backfill of 2025-09-12; upvotes are as-of-fetch, not as-of-date"
hf.papers.daily.backfill,https://huggingface.co/api/daily_papers?date=2025-09-15,2026-09-13T19:59:10Z,200,application/json,116976,681647444dc4c433c9b5412e23cc243650c7a7ca932299bae78fd85bc4a3bce6,,,first_capture,raw/hf.papers.daily.backfill/2026/09/20260913T195910Z-681647444dc4.json.gz,,"backfill of 2025-09-15; upvotes are as-of-fetch, not as-of-date"
hf.papers.daily.backfill,https://huggingface.co/api/daily_papers?date=2025-09-16,2026-09-13T19:59:12Z,200,application/json,120275,a1e6c46839dfeaa4e05a694422bf3d07009a5ec91905ebf99df82d9af24dae02,,,first_capture,raw/hf.papers.daily.backfill/2026/09/20260913T195912Z-a1e6c46839df.json.gz,,"backfill of 2025-09-16; upvotes are as-of-fetch, not as-of-date"
hf.papers.daily.backfill,https://huggingface.co/api/daily_papers?date=2025-09-17,2026-09-13T19:59:13Z,200,application/json,127646,c40f8ef53bf127354492a87f44aad6fb5d1e2d34e528adb86f2ee9fc76d2ecb1,,,first_capture,raw/hf.papers.daily.backfill/2026/09/20260913T195913Z-c40f8ef53bf1.json.gz,,"backfill of 2025-09-17; upvotes are as-of-fetch, not as-of-date"
hf.papers.daily.backfill,https://huggingface.co/api/daily_papers?date=2025-09-18,2026-09-13T19:59:15Z,200,application/json,122976,2283f51c47b7f9bc542e77651964de17895f98524b7c8a03f1925f783dc9fd42,,,first_capture,raw/hf.papers.daily.backfill/2026/09/20260913T195915Z-2283f51c47b7.json.gz,,"backfill of 2025-09-18; upvotes are as-of-fetch, not as-of-date"
hf.papers.daily.backfill,https://huggingface.co/api/daily_papers?date=2025-09-19,2026-09-13T19:59:17Z,200,application/json,147510,c120fc8c72f2b6908ecbde9fb1ca3fc41dc05f37b38d5c133bc522ba0dd73d0e,,,first_capture,raw/hf.papers.daily.backfill/2026/09/20260913T195917Z-c120fc8c72f2.json.gz,,"backfill of 2025-09-19; upvotes are as-of-fetch, not as-of-date"
hf.papers.daily.backfill,https://huggingface.co/api/daily_papers?date=2025-09-22,2026-09-13T19:59:22Z,200,application/json,93440,6565c5db5a7c22fa477ffadc90fe71fed522fcf4da6d9a309eb89532b140533d,,,first_capture,raw/hf.papers.daily.backfill/2026/09/20260913T195922Z-6565c5db5a7c.json.gz,,"backfill of 2025-09-22; upvotes are as-of-fetch, not as-of-date"
hf.papers.daily.backfill,https://huggingface.co/api/daily_papers?date=2025-09-23,2026-09-13T19:59:24Z,200,application/json,261992,f635940be289c63567d72b6c42316b63277df8122c408e076e0fa2b7d47055ac,,,first_capture,raw/hf.papers.daily.backfill/2026/09/20260913T195924Z-f635940be289.json.gz,,"backfill of 2025-09-23; upvotes are as-of-fetch, not as-of-date"
hf.papers.daily.backfill,https://huggingface.co/api/daily_papers?date=2025-09-24,2026-09-13T19:59:26Z,200,application/json,157009,437140bd1be746b1a639cd31ae05e999400e195f03c72ba7101de42f4a80b857,,,first_capture,raw/hf.papers.daily.backfill/2026/09/20260913T195926Z-437140bd1be7.json.gz,,"backfill of 2025-09-24; upvotes are as-of-fetch, not as-of-date"
hf.papers.daily.backfill,https://huggingface.co/api/daily_papers?date=2025-09-25,2026-09-13T19:59:27Z,200,application/json,99776,d959748d20b9eff100ae8cda04b2f77fb389e1ec9fb50e080e1ea63f53c647bf,,,first_capture,raw/hf.papers.daily.backfill/2026/09/20260913T195927Z-d959748d20b9.json.gz,,"backfill of 2025-09-25; upvotes are as-of-fetch, not as-of-date"
hf.papers.daily.backfill,https://huggingface.co/api/daily_papers?date=2025-09-26,2026-09-13T19:59:29Z,200,application/json,219741,f7b18418bc9bd360e513d04c639c18482aabeda435c52d555d677fd076fa1b5d,,,first_capture,raw/hf.papers.daily.backfill/2026/09/20260913T195929Z-f7b18418bc9b.json.gz,,"backfill of 2025-09-26; upvotes are as-of-fetch, not as-of-date"
hf.papers.daily.backfill,https://huggingface.co/api/daily_papers?date=2025-09-29,2026-09-13T19:59:34Z,200,application/json,278841,1a979d59f6060379e616cc408a8bb3d669651aefd2a4062f10398ca6e6e18f2c,,,first_capture,raw/hf.papers.daily.backfill/2026/09/20260913T195934Z-1a979d59f606.json.gz,,"backfill of 2025-09-29; upvotes are as-of-fetch, not as-of-date"
hf.papers.daily.backfill,https://huggingface.co/api/daily_papers?date=2025-09-30,2026-09-13T19:59:36Z,200,application/json,338633,f2ee78d17b0d6ebe525b2631c3e859592a606396d31d82b71b7abf01d16d17c2,,,first_capture,raw/hf.papers.daily.backfill/2026/09/20260913T195936Z-f2ee78d17b0d.json.gz,,"backfill of 2025-09-30; upvotes are as-of-fetch, not as-of-date"
hf.papers.daily.backfill,https://huggingface.co/api/daily_papers?date=2025-10-01,2026-09-13T19:59:38Z,200,application/json,302959,2f0d503b754300189faf70064e7de5ba00e68f90993e178ae0f377a1a78e6611,,,first_capture,raw/hf.papers.daily.backfill/2026/09/20260913T195938Z-2f0d503b7543.json.gz,,"backfill of 2025-10-01; upvotes are as-of-fetch, not as-of-date"
hf.papers.daily.backfill,https://huggingface.co/api/daily_papers?date=2025-10-02,2026-09-13T19:59:40Z,200,application/json,215095,24518dd13c44e4724d3dd0854b1dee92725e58af24f2cfa3fefeb52a9b74ca0b,,,first_capture,raw/hf.papers.daily.backfill/2026/09/20260913T195940Z-24518dd13c44.json.gz,,"backfill of 2025-10-02; upvotes are as-of-fetch, not as-of-date"
hf.papers.daily.backfill,https://huggingface.co/api/daily_papers?date=2025-10-03,2026-09-13T19:59:42Z,200,application/json,297580,82954ee2440f294b5f7931386205017c4ab97e8aef3ec61f0a42fe06e47124e7,,,first_capture,raw/hf.papers.daily.backfill/2026/09/20260913T195942Z-82954ee2440f.json.gz,,"backfill of 2025-10-03; upvotes are as-of-fetch, not as-of-date"
hf.papers.daily.backfill,https://huggingface.co/api/daily_papers?date=2025-10-06,2026-09-13T19:59:47Z,200,application/json,210047,9a8bb95ed3959b699c5254168f179248b3b7507d8732969789e0da77c2f67101,,,first_capture,raw/hf.papers.daily.backfill/2026/09/20260913T195947Z-9a8bb95ed395.json.gz,,"backfill of 2025-10-06; upvotes are as-of-fetch, not as-of-date"
hf.papers.daily.backfill,https://huggingface.co/api/daily_papers?date=2025-10-07,2026-09-13T19:59:49Z,200,application/json,262233,b72cfe0b03ffddb1970ed2d981ceb3738c45a5fa3613216ee3a4ff9a5e79d59c,,,first_capture,raw/hf.papers.daily.backfill/2026/09/20260913T195949Z-b72cfe0b03ff.json.gz,,"backfill of 2025-10-07; upvotes are as-of-fetch, not as-of-date"
hf.papers.daily.backfill,https://huggingface.co/api/daily_papers?date=2025-10-08,2026-09-13T19:59:51Z,200,application/json,295888,a7fa794f9124afb7a487f97e8a495d5dc2b5b9320fd69e0b83f8ce1549eff7b6,,,first_capture,raw/hf.papers.daily.backfill/2026/09/20260913T195951Z-a7fa794f9124.json.gz,,"backfill of 2025-10-08; upvotes are as-of-fetch, not as-of-date"
hf.papers.daily.backfill,https://huggingface.co/api/daily_papers?date=2025-10-09,2026-09-13T19:59:53Z,200,application/json,262336,698962f1d6dd0a0bd0559e16a56fe0ba81076b3dd682d1e2656bf3e727e58b31,,,first_capture,raw/hf.papers.daily.backfill/2026/09/20260913T195953Z-698962f1d6dd.json.gz,,"backfill of 2025-10-09; upvotes are as-of-fetch, not as-of-date"
hf.papers.daily.backfill,https://huggingface.co/api/daily_papers?date=2025-10-10,2026-09-13T19:59:55Z,200,application/json,311313,31d39f4d852ac1e912e228cfc50a421f00050954468a432de95a00c6dbcc2c1a,,,first_capture,raw/hf.papers.daily.backfill/2026/09/20260913T195955Z-31d39f4d852a.json.gz,,"backfill of 2025-10-10; upvotes are as-of-fetch, not as-of-date"
hf.papers.daily.backfill,https://huggingface.co/api/daily_papers?date=2025-10-13,2026-09-13T20:00:00Z,200,application/json,274818,6d675eb72b675997d885b8163e0c41ea3dc2afda4497a3f0509058a61331f841,,,first_capture,raw/hf.papers.daily.backfill/2026/09/20260913T200000Z-6d675eb72b67.json.gz,,"backfill of 2025-10-13; upvotes are as-of-fetch, not as-of-date"
hf.papers.daily.backfill,https://huggingface.co/api/daily_papers?date=2025-10-14,2026-09-13T20:00:02Z,200,application/json,311190,cc6c99157c837dec354cbfc7e6251bb4764b106a8d61f4f3fe81eef59563108f,,,first_capture,raw/hf.papers.daily.backfill/2026/09/20260913T200002Z-cc6c99157c83.json.gz,,"backfill of 2025-10-14; upvotes are as-of-fetch, not as-of-date"
hf.papers.daily.backfill,https://huggingface.co/api/daily_papers?date=2025-10-15,2026-09-13T20:00:03Z,200,application/json,269721,afa7ad8bee1eec5a73f356b1223b2343eaa8510d89aac5036b7a6f4a0b4246ed,,,first_capture,raw/hf.papers.daily.backfill/2026/09/20260913T200003Z-afa7ad8bee1e.json.gz,,"backfill of 2025-10-15; upvotes are as-of-fetch, not as-of-date"
hf.papers.daily.backfill,https://huggingface.co/api/daily_papers?date=2025-10-16,2026-09-13T20:00:05Z,200,application/json,267068,b0dc6f7dced172b9c7bd58ce382a8153463b98f9c6e196e7fde56d35abf683ca,,,first_capture,raw/hf.papers.daily.backfill/2026/09/20260913T200005Z-b0dc6f7dced1.json.gz,,"backfill of 2025-10-16; upvotes are as-of-fetch, not as-of-date"
hf.papers.daily.backfill,https://huggingface.co/api/daily_papers?date=2025-10-17,2026-09-13T20:00:07Z,200,application/json,312137,5ad32718287aaa340979f5da01ab743439a0c1fbc6f54d0d16df5a15f8804f33,,,first_capture,raw/hf.papers.daily.backfill/2026/09/20260913T200007Z-5ad32718287a.json.gz,,"backfill of 2025-10-17; upvotes are as-of-fetch, not as-of-date"
hf.papers.daily.backfill,https://huggingface.co/api/daily_papers?date=2025-10-20,2026-09-13T20:00:12Z,200,application/json,172612,4f2275501125fd8f4517714e978bc349a5b7804a4a8dd478a0d51399f16d610f,,,first_capture,raw/hf.papers.daily.backfill/2026/09/20260913T200012Z-4f2275501125.json.gz,,"backfill of 2025-10-20; upvotes are as-of-fetch, not as-of-date"
hf.papers.daily.backfill,https://huggingface.co/api/daily_papers?date=2025-10-21,2026-09-13T20:00:14Z,200,application/json,215758,11731c86969df833c6716d55adcd2f366aa999f4414ce9f527b09f7445eef9cd,,,first_capture,raw/hf.papers.daily.backfill/2026/09/20260913T200014Z-11731c86969d.json.gz,,"backfill of 2025-10-21; upvotes are as-of-fetch, not as-of-date"
hf.papers.daily.backfill,https://huggingface.co/api/daily_papers?date=2025-10-22,2026-09-13T20:00:16Z,200,application/json,233323,966563de9a8d6d4a38e208b01a55396be89f9377d5f205b853c389828d62b595,,,first_capture,raw/hf.papers.daily.backfill/2026/09/20260913T200016Z-966563de9a8d.json.gz,,"backfill of 2025-10-22; upvotes are as-of-fetch, not as-of-date"
hf.papers.daily.backfill,https://huggingface.co/api/daily_papers?date=2025-10-23,2026-09-13T20:00:18Z,200,application/json,221332,bc4619cd565cd8670ace7b881a96cb764a9ee8f9f9a46abd7f94679859f2c7e5,,,first_capture,raw/hf.papers.daily.backfill/2026/09/20260913T200018Z-bc4619cd565c.json.gz,,"backfill of 2025-10-23; upvotes are as-of-fetch, not as-of-date"
hf.papers.daily.backfill,https://huggingface.co/api/daily_papers?date=2025-10-24,2026-09-13T20:00:19Z,200,application/json,161081,0a5aca342052a40311ebe11bc21eca44394e9f8d397480258c6468bde8b65713,,,first_capture,raw/hf.papers.daily.backfill/2026/09/20260913T200019Z-0a5aca342052.json.gz,,"backfill of 2025-10-24; upvotes are as-of-fetch, not as-of-date"
hf.papers.daily.backfill,https://huggingface.co/api/daily_papers?date=2025-10-27,2026-09-13T20:00:24Z,200,application/json,155200,2d1d9b9de5b2c6ca7d506c5540de424cc7b95d281a381b3b2e924e887b684bff,,,first_capture,raw/hf.papers.daily.backfill/2026/09/20260913T200024Z-2d1d9b9de5b2.json.gz,,"backfill of 2025-10-27; upvotes are as-of-fetch, not as-of-date"
hf.papers.daily.backfill,https://huggingface.co/api/daily_papers?date=2025-10-28,2026-09-13T20:00:26Z,200,application/json,207040,cb84da5179c689822943ef7ebde46e455d24b07d76b5543e6d784820eb669d79,,,first_capture,raw/hf.papers.daily.backfill/2026/09/20260913T200026Z-cb84da5179c6.json.gz,,"backfill of 2025-10-28; upvotes are as-of-fetch, not as-of-date"
hf.papers.daily.backfill,https://huggingface.co/api/daily_papers?date=2025-10-29,2026-09-13T20:00:28Z,200,application/json,301979,9b45d688f4ca7dbd77c5ee1c462e0e101016a50b6b4fa82831b9b047bfd65893,,,first_capture,raw/hf.papers.daily.backfill/2026/09/20260913T200028Z-9b45d688f4ca.json.gz,,"backfill of 2025-10-29; upvotes are as-of-fetch, not as-of-date"
hf.papers.daily.backfill,https://huggingface.co/api/daily_papers?date=2025-10-30,2026-09-13T20:00:30Z,200,application/json,195327,f1c338400acd129398715886709fef17058ea17fb88dbaf9b8e0c3794d495c02,,,first_capture,raw/hf.papers.daily.backfill/2026/09/20260913T200030Z-f1c338400acd.json.gz,,"backfill of 2025-10-30; upvotes are as-of-fetch, not as-of-date"
hf.papers.daily.backfill,https://huggingface.co/api/daily_papers?date=2025-10-31,2026-09-13T20:00:32Z,200,application/json,192442,1d3f23111abb87a8a58db0a28914e1d075e238a24b01279cffbc5909f294aed5,,,first_capture,raw/hf.papers.daily.backfill/2026/09/20260913T200032Z-1d3f23111abb.json.gz,,"backfill of 2025-10-31; upvotes are as-of-fetch, not as-of-date"
hf.papers.daily.backfill,https://huggingface.co/api/daily_papers?date=2025-11-03,2026-09-13T20:00:36Z,200,application/json,137421,2b9003e8e05c65028309fa6d337f12804fd3d8730476c51f0e96f8e0a1f3095d,,,first_capture,raw/hf.papers.daily.backfill/2026/09/20260913T200036Z-2b9003e8e05c.json.gz,,"backfill of 2025-11-03; upvotes are as-of-fetch, not as-of-date"
hf.papers.daily.backfill,https://huggingface.co/api/daily_papers?date=2025-11-04,2026-09-13T20:00:38Z,200,application/json,213586,71625319f5bda9bc5df7532add65b6e50b0080842a64dcaf84bdf62114b65aad,,,first_capture,raw/hf.papers.daily.backfill/2026/09/20260913T200038Z-71625319f5bd.json.gz,,"backfill of 2025-11-04; upvotes are as-of-fetch, not as-of-date"
hf.papers.daily.backfill,https://huggingface.co/api/daily_papers?date=2025-11-05,2026-09-13T20:00:40Z,200,application/json,150090,ab800490c1519a2421e995a4314fadc68400ab6d4ef41ea002de0c9dc468d628,,,first_capture,raw/hf.papers.daily.backfill/2026/09/20260913T200040Z-ab800490c151.json.gz,,"backfill of 2025-11-05; upvotes are as-of-fetch, not as-of-date"
hf.papers.daily.backfill,https://huggingface.co/api/daily_papers?date=2025-11-06,2026-09-13T20:00:42Z,200,application/json,76889,3eff8977cb0a700958b5e4ad53e5ddd54bcc5646afcdd657438b7a3f4d5a203f,,,first_capture,raw/hf.papers.daily.backfill/2026/09/20260913T200042Z-3eff8977cb0a.json.gz,,"backfill of 2025-11-06; upvotes are as-of-fetch, not as-of-date"
hf.papers.daily.backfill,https://huggingface.co/api/daily_papers?date=2025-11-07,2026-09-13T20:00:44Z,200,application/json,107908,5a2a6aa158e10e8dc94818125b366f392d60fe1261b56b19d2786f964a54d8a2,,,first_capture,raw/hf.papers.daily.backfill/2026/09/20260913T200044Z-5a2a6aa158e1.json.gz,,"backfill of 2025-11-07; upvotes are as-of-fetch, not as-of-date"
hf.papers.daily.backfill,https://huggingface.co/api/daily_papers?date=2025-11-10,2026-09-13T20:00:49Z,200,application/json,55586,937c930a6b7dbbbdc97c6e98b41ec59c12ca7573790a60659ce1c020f32fd8f5,,,first_capture,raw/hf.papers.daily.backfill/2026/09/20260913T200049Z-937c930a6b7d.json.gz,,"backfill of 2025-11-10; upvotes are as-of-fetch, not as-of-date"
hf.papers.daily.backfill,https://huggingface.co/api/daily_papers?date=2025-11-11,2026-09-13T20:00:50Z,200,application/json,177625,de632ed0f85a2ddec54cf02a7c39bd0f947b31ec67336c4000d65f4b2d9a4902,,,first_capture,raw/hf.papers.daily.backfill/2026/09/20260913T200050Z-de632ed0f85a.json.gz,,"backfill of 2025-11-11; upvotes are as-of-fetch, not as-of-date"
hf.papers.daily.backfill,https://huggingface.co/api/daily_papers?date=2025-11-12,2026-09-13T20:00:52Z,200,application/json,95613,a7bb7c86c9515defa12e51ae84c30dc6a4342a679a794ce2da272c2f6822dfc8,,,first_capture,raw/hf.papers.daily.backfill/2026/09/20260913T200052Z-a7bb7c86c951.json.gz,,"backfill of 2025-11-12; upvotes are as-of-fetch, not as-of-date"
hf.papers.daily.backfill,https://huggingface.co/api/daily_papers?date=2025-11-13,2026-09-13T20:00:54Z,200,application/json,78419,8a26e3419d8643373b24ef9b4d48b00923c238d54e7695cf1e5714db603072a3,,,first_capture,raw/hf.papers.daily.backfill/2026/09/20260913T200054Z-8a26e3419d86.json.gz,,"backfill of 2025-11-13; upvotes are as-of-fetch, not as-of-date"
hf.papers.daily.backfill,https://huggingface.co/api/daily_papers?date=2025-11-14,2026-09-13T20:00:56Z,200,application/json,112411,475c4367a13cc3033be46bc6d09bfc1d6bf3b34b8560f02ed866891eb3a6cfdd,,,first_capture,raw/hf.papers.daily.backfill/2026/09/20260913T200056Z-475c4367a13c.json.gz,,"backfill of 2025-11-14; upvotes are as-of-fetch, not as-of-date"
hf.papers.daily.backfill,https://huggingface.co/api/daily_papers?date=2025-11-17,2026-09-13T20:01:01Z,200,application/json,136468,2d269908f008070676946180ceef1d3c641604d01a26739b47109d52b504388a,,,first_capture,raw/hf.papers.daily.backfill/2026/09/20260913T200101Z-2d269908f008.json.gz,,"backfill of 2025-11-17; upvotes are as-of-fetch, not as-of-date"
hf.papers.daily.backfill,https://huggingface.co/api/daily_papers?date=2025-11-18,2026-09-13T20:01:02Z,200,application/json,173173,ac2e5467e88638ae50c2a630cc875b75a4c3cf855ae5c85d00347399a8b421c5,,,first_capture,raw/hf.papers.daily.backfill/2026/09/20260913T200102Z-ac2e5467e886.json.gz,,"backfill of 2025-11-18; upvotes are as-of-fetch, not as-of-date"
hf.papers.daily.backfill,https://huggingface.co/api/daily_papers?date=2025-11-19,2026-09-13T20:01:04Z,200,application/json,117002,6ecf47b0edb525582b50ea06de2bc03afac9cd61b4bd2daa4e82475fc296283d,,,first_capture,raw/hf.papers.daily.backfill/2026/09/20260913T200104Z-6ecf47b0edb5.json.gz,,"backfill of 2025-11-19; upvotes are as-of-fetch, not as-of-date"
hf.papers.daily.backfill,https://huggingface.co/api/daily_papers?date=2025-11-20,2026-09-13T20:01:06Z,200,application/json,76657,0fbb3b4dc9f0d9edc4b1889fffc4151e6024d65831b77e5f09bbdf046621564a,,,first_capture,raw/hf.papers.daily.backfill/2026/09/20260913T200106Z-0fbb3b4dc9f0.json.gz,,"backfill of 2025-11-20; upvotes are as-of-fetch, not as-of-date"
hf.papers.daily.backfill,https://huggingface.co/api/daily_papers?date=2025-11-21,2026-09-13T20:01:08Z,200,application/json,151739,74ec159063267d4a727ddee39cd894f2db6144c8cab28930571d192200771bd5,,,first_capture,raw/hf.papers.daily.backfill/2026/09/20260913T200108Z-74ec15906326.json.gz,,"backfill of 2025-11-21; upvotes are as-of-fetch, not as-of-date"
hf.papers.daily.backfill,https://huggingface.co/api/daily_papers?date=2025-11-24,2026-09-13T20:01:13Z,200,application/json,148733,d2c438fe624071234535ab4f8aa124fc3a641f89aa114ab6ed468c8849bc7c24,,,first_capture,raw/hf.papers.daily.backfill/2026/09/20260913T200113Z-d2c438fe6240.json.gz,,"backfill of 2025-11-24; upvotes are as-of-fetch, not as-of-date"
hf.papers.daily.backfill,https://huggingface.co/api/daily_papers?date=2025-11-25,2026-09-13T20:01:15Z,200,application/json,198627,a5fdc7cf9f28a8d956c13bea2c7a62362e2643827ff0c41c79c24b94523f46dd,,,first_capture,raw/hf.papers.daily.backfill/2026/09/20260913T200115Z-a5fdc7cf9f28.json.gz,,"backfill of 2025-11-25; upvotes are as-of-fetch, not as-of-date"
hf.papers.daily.backfill,https://huggingface.co/api/daily_papers?date=2025-11-26,2026-09-13T20:01:17Z,200,application/json,206678,81c3c6ba0b62883cf8710aac329e9630196f5b2aa577602c53cf0822dca17500,,,first_capture,raw/hf.papers.daily.backfill/2026/09/20260913T200117Z-81c3c6ba0b62.json.gz,,"backfill of 2025-11-26; upvotes are as-of-fetch, not as-of-date"
hf.papers.daily.backfill,https://huggingface.co/api/daily_papers?date=2025-11-27,2026-09-13T20:01:18Z,200,application/json,116411,9f3999c79f35565a0e6d181fdd288950ebecfffa6286cd0139367bf1ddc817cd,,,first_capture,raw/hf.papers.daily.backfill/2026/09/20260913T200118Z-9f3999c79f35.json.gz,,"backfill of 2025-11-27; upvotes are as-of-fetch, not as-of-date"
hf.papers.daily.backfill,https://huggingface.co/api/daily_papers?date=2025-11-28,2026-09-13T20:01:20Z,200,application/json,43155,bd4878e564194f5b844e53a15903de1d0a47a8a13c05b3954bbd9c3d63fb31ca,,,first_capture,raw/hf.papers.daily.backfill/2026/09/20260913T200120Z-bd4878e56419.json.gz,,"backfill of 2025-11-28; upvotes are as-of-fetch, not as-of-date"
hf.papers.daily.backfill,https://huggingface.co/api/daily_papers?date=2025-12-01,2026-09-13T20:01:25Z,200,application/json,189439,2feef802c22f3dd3c4e1ba2470f335e09171b7e80af66a0e6dd7bdbb3c7c0ec1,,,first_capture,raw/hf.papers.daily.backfill/2026/09/20260913T200125Z-2feef802c22f.json.gz,,"backfill of 2025-12-01; upvotes are as-of-fetch, not as-of-date"
hf.papers.daily.backfill,https://huggingface.co/api/daily_papers?date=2025-12-02,2026-09-13T20:01:27Z,200,application/json,288995,d632d815c42324f4a55ab7f31856b07e72a473b4bdc5c0a75ab1277c0a3c6f88,,,first_capture,raw/hf.papers.daily.backfill/2026/09/20260913T200127Z-d632d815c423.json.gz,,"backfill of 2025-12-02; upvotes are as-of-fetch, not as-of-date"
hf.papers.daily.backfill,https://huggingface.co/api/daily_papers?date=2025-12-03,2026-09-13T20:01:29Z,200,application/json,309566,4a7d622ef78745002ba3e6ce4bb4f980585b72117ab8b77fc71a62c08943ddfa,,,first_capture,raw/hf.papers.daily.backfill/2026/09/20260913T200129Z-4a7d622ef787.json.gz,,"backfill of 2025-12-03; upvotes are as-of-fetch, not as-of-date"
hf.papers.daily.backfill,https://huggingface.co/api/daily_papers?date=2025-12-04,2026-09-13T20:01:30Z,200,application/json,163059,d3f134da38094d249f27e5351eae5db5c767565721224ee6aff1bfb779b6710e,,,first_capture,raw/hf.papers.daily.backfill/2026/09/20260913T200130Z-d3f134da3809.json.gz,,"backfill of 2025-12-04; upvotes are as-of-fetch, not as-of-date"
hf.papers.daily.backfill,https://huggingface.co/api/daily_papers?date=2025-12-05,2026-09-13T20:01:32Z,200,application/json,239593,e1d1a20c5015a067d216a5621a385a6abbfcada34ec2b0063eb8f9ba48c6ff38,,,first_capture,raw/hf.papers.daily.backfill/2026/09/20260913T200132Z-e1d1a20c5015.json.gz,,"backfill of 2025-12-05; upvotes are as-of-fetch, not as-of-date"
hf.papers.daily.backfill,https://huggingface.co/api/daily_papers?date=2025-12-08,2026-09-13T20:01:37Z,200,application/json,136907,ae4b0717c5ecf63662a6963bb7ff1bb6849e3ec500d9e5a12394a42acfc4f0b8,,,first_capture,raw/hf.papers.daily.backfill/2026/09/20260913T200137Z-ae4b0717c5ec.json.gz,,"backfill of 2025-12-08; upvotes are as-of-fetch, not as-of-date"
hf.papers.daily.backfill,https://huggingface.co/api/daily_papers?date=2025-12-09,2026-09-13T20:01:39Z,200,application/json,194915,5a76ed62a33f9d1c8c9ed7a2f685a01bc97254744f384c441c08e27d2a95eb97,,,first_capture,raw/hf.papers.daily.backfill/2026/09/20260913T200139Z-5a76ed62a33f.json.gz,,"backfill of 2025-12-09; upvotes are as-of-fetch, not as-of-date"
hf.papers.daily.backfill,https://huggingface.co/api/daily_papers?date=2025-12-10,2026-09-13T20:01:40Z,200,application/json,162054,3e59900032fdceeee666b92fd2976be59eaea7515cf04ae9046fca87725582e4,,,first_capture,raw/hf.papers.daily.backfill/2026/09/20260913T200140Z-3e59900032fd.json.gz,,"backfill of 2025-12-10; upvotes are as-of-fetch, not as-of-date"
hf.papers.daily.backfill,https://huggingface.co/api/daily_papers?date=2025-12-11,2026-09-13T20:01:42Z,200,application/json,132142,e3d78e894dfb575f866d26eadb3d10f186e07adbf8ab0d7e1a5c962f6ddda001,,,first_capture,raw/hf.papers.daily.backfill/2026/09/20260913T200142Z-e3d78e894dfb.json.gz,,"backfill of 2025-12-11; upvotes are as-of-fetch, not as-of-date"
hf.papers.daily.backfill,https://huggingface.co/api/daily_papers?date=2025-12-12,2026-09-13T20:01:44Z,200,application/json,168109,9968a945f4829797e0dbe7f1107103c45795c1a7cf8674740bffc5295f6e9fbe,,,first_capture,raw/hf.papers.daily.backfill/2026/09/20260913T200144Z-9968a945f482.json.gz,,"backfill of 2025-12-12; upvotes are as-of-fetch, not as-of-date"
hf.papers.daily.backfill,https://huggingface.co/api/daily_papers?date=2025-12-15,2026-09-13T20:01:49Z,200,application/json,118296,70b74649c1a30ab1790fb3b3ab215eaf97aa06bfdf1bfab4f1857ef5253ae4c5,,,first_capture,raw/hf.papers.daily.backfill/2026/09/20260913T200149Z-70b74649c1a3.json.gz,,"backfill of 2025-12-15; upvotes are as-of-fetch, not as-of-date"
hf.papers.daily.backfill,https://huggingface.co/api/daily_papers?date=2025-12-16,2026-09-13T20:01:51Z,200,application/json,252184,fb7a8594da2ae7fcf4034608893b46da93c39d5067c5a8fd9bcf1fcacc14b10f,,,first_capture,raw/hf.papers.daily.backfill/2026/09/20260913T200151Z-fb7a8594da2a.json.gz,,"backfill of 2025-12-16; upvotes are as-of-fetch, not as-of-date"
hf.papers.daily.backfill,https://huggingface.co/api/daily_papers?date=2025-12-17,2026-09-13T20:01:53Z,200,application/json,239425,a434059d2608ff35908bf06cef16af3aba558cb6e3e7443d8af9f7e730a1c0eb,,,first_capture,raw/hf.papers.daily.backfill/2026/09/20260913T200153Z-a434059d2608.json.gz,,"backfill of 2025-12-17; upvotes are as-of-fetch, not as-of-date"
hf.papers.daily.backfill,https://huggingface.co/api/daily_papers?date=2025-12-18,2026-09-13T20:01:54Z,200,application/json,198088,f2e3a03d35d7cd601a936dadf2de2533fa769f977c6b0ba9f30ae8457ef16fff,,,first_capture,raw/hf.papers.daily.backfill/2026/09/20260913T200154Z-f2e3a03d35d7.json.gz,,"backfill of 2025-12-18; upvotes are as-of-fetch, not as-of-date"
hf.papers.daily.backfill,https://huggingface.co/api/daily_papers?date=2025-12-19,2026-09-13T20:01:56Z,200,application/json,245584,ce54d51118a9346d7f72562e3e318b9745018892a9d489f3adb665caf4cdf4a4,,,first_capture,raw/hf.papers.daily.backfill/2026/09/20260913T200156Z-ce54d51118a9.json.gz,,"backfill of 2025-12-19; upvotes are as-of-fetch, not as-of-date"
hf.papers.daily.backfill,https://huggingface.co/api/daily_papers?date=2025-12-22,2026-09-13T20:02:01Z,200,application/json,141490,87ce53502a77b2a425c9e6afcbfa172bfeebfdad5217e73479da0603d735b172,,,first_capture,raw/hf.papers.daily.backfill/2026/09/20260913T200201Z-87ce53502a77.json.gz,,"backfill of 2025-12-22; upvotes are as-of-fetch, not as-of-date"
hf.papers.daily.backfill,https://huggingface.co/api/daily_papers?date=2025-12-23,2026-09-13T20:02:03Z,200,application/json,145105,8f29ef4d28696759b707923b0744cd0d4e3a61b17c015eb3ffcf89f431bf0625,,,first_capture,raw/hf.papers.daily.backfill/2026/09/20260913T200203Z-8f29ef4d2869.json.gz,,"backfill of 2025-12-23; upvotes are as-of-fetch, not as-of-date"
hf.papers.daily.backfill,https://huggingface.co/api/daily_papers?date=2025-12-24,2026-09-13T20:02:05Z,200,application/json,113696,77957c029a0894483b6a38722a827b88099736d7d0f959209672b740521bbd1e,,,first_capture,raw/hf.papers.daily.backfill/2026/09/20260913T200205Z-77957c029a08.json.gz,,"backfill of 2025-12-24; upvotes are as-of-fetch, not as-of-date"
hf.papers.daily.backfill,https://huggingface.co/api/daily_papers?date=2025-12-25,2026-09-13T20:02:07Z,200,application/json,147604,6d7d0d351e84d7abebdea469abdbb8a0b3d333b7f816aa3e6932d1ef607ae3a4,,,first_capture,raw/hf.papers.daily.backfill/2026/09/20260913T200207Z-6d7d0d351e84.json.gz,,"backfill of 2025-12-25; upvotes are as-of-fetch, not as-of-date"
hf.papers.daily.backfill,https://huggingface.co/api/daily_papers?date=2025-12-26,2026-09-13T20:02:08Z,200,application/json,35123,d31953df2dd88267937c80c103ba686b8ab37eee1e6d5c2509c3566fe879f048,,,first_capture,raw/hf.papers.daily.backfill/2026/09/20260913T200208Z-d31953df2dd8.json.gz,,"backfill of 2025-12-26; upvotes are as-of-fetch, not as-of-date"
hf.papers.daily.backfill,https://huggingface.co/api/daily_papers?date=2025-12-29,2026-09-13T20:02:14Z,200,application/json,80805,9ae4c441190db07779f44e4b93950072e08ecaddc084524a9ef5f0807e546a72,,,first_capture,raw/hf.papers.daily.backfill/2026/09/20260913T200214Z-9ae4c441190d.json.gz,,"backfill of 2025-12-29; upvotes are as-of-fetch, not as-of-date"
hf.papers.daily.backfill,https://huggingface.co/api/daily_papers?date=2025-12-30,2026-09-13T20:02:16Z,200,application/json,184414,77c3c4dba7300707dfd503700864c2bae2e8d321dcdf4e7ee77ff58a2817b9bc,,,first_capture,raw/hf.papers.daily.backfill/2026/09/20260913T200216Z-77c3c4dba730.json.gz,,"backfill of 2025-12-30; upvotes are as-of-fetch, not as-of-date"
hf.papers.daily.backfill,https://huggingface.co/api/daily_papers?date=2025-12-31,2026-09-13T20:02:17Z,200,application/json,37876,8693e6bcd78a89925e867397d118467d597d03babb6eba3898fdbf65c327c091,,,first_capture,raw/hf.papers.daily.backfill/2026/09/20260913T200217Z-8693e6bcd78a.json.gz,,"backfill of 2025-12-31; upvotes are as-of-fetch, not as-of-date"
hf.papers.daily.backfill,https://huggingface.co/api/daily_papers?date=2026-01-01,2026-09-13T20:02:19Z,200,application/json,128906,53cc86f16f3e886996d5644063356ba806cd267b5abf72aca24bed7b3bc9c36d,,,first_capture,raw/hf.papers.daily.backfill/2026/09/20260913T200219Z-53cc86f16f3e.json.gz,,"backfill of 2026-01-01; upvotes are as-of-fetch, not as-of-date"
hf.papers.daily.backfill,https://huggingface.co/api/daily_papers?date=2026-01-02,2026-09-13T20:02:21Z,200,application/json,34743,f8508c2b9a1c73f2773de3dada76a62d539f474a02c44bf0b7cb665c680cfffd,,,first_capture,raw/hf.papers.daily.backfill/2026/09/20260913T200221Z-f8508c2b9a1c.json.gz,,"backfill of 2026-01-02; upvotes are as-of-fetch, not as-of-date"
hf.papers.daily.backfill,https://huggingface.co/api/daily_papers?date=2026-01-05,2026-09-13T20:02:26Z,200,application/json,82773,b1fdca1d7d4ef5408a8a73aa342e05aac8e74d588ec8fee4d726384bd83b6a70,,,first_capture,raw/hf.papers.daily.backfill/2026/09/20260913T200226Z-b1fdca1d7d4e.json.gz,,"backfill of 2026-01-05; upvotes are as-of-fetch, not as-of-date"
hf.papers.daily.backfill,https://huggingface.co/api/daily_papers?date=2026-01-06,2026-09-13T20:02:28Z,200,application/json,154811,c2876565a666b2152f2fb4b5533182acad679a3314dd3c38d0c3f1ada86c4611,,,first_capture,raw/hf.papers.daily.backfill/2026/09/20260913T200228Z-c2876565a666.json.gz,,"backfill of 2026-01-06; upvotes are as-of-fetch, not as-of-date"
hf.papers.daily.backfill,https://huggingface.co/api/daily_papers?date=2026-01-07,2026-09-13T20:02:29Z,200,application/json,188300,5a872b140949b936e122c9821610449a4aa27af740e515506e0e21fde5833cfb,,,first_capture,raw/hf.papers.daily.backfill/2026/09/20260913T200229Z-5a872b140949.json.gz,,"backfill of 2026-01-07; upvotes are as-of-fetch, not as-of-date"
hf.papers.daily.backfill,https://huggingface.co/api/daily_papers?date=2026-01-08,2026-09-13T20:02:31Z,200,application/json,103522,a0911b5549cc7c4af735c0fb73786727da09e2c797348a439befd75e7de5635d,,,first_capture,raw/hf.papers.daily.backfill/2026/09/20260913T200231Z-a0911b5549cc.json.gz,,"backfill of 2026-01-08; upvotes are as-of-fetch, not as-of-date"
hf.papers.daily.backfill,https://huggingface.co/api/daily_papers?date=2026-01-09,2026-09-13T20:02:33Z,200,application/json,191628,7ae2ff9bba25692fe696da4953b44a1c2457c0beb2c3dc439eeec6bccc73c06d,,,first_capture,raw/hf.papers.daily.backfill/2026/09/20260913T200233Z-7ae2ff9bba25.json.gz,,"backfill of 2026-01-09; upvotes are as-of-fetch, not as-of-date"
hf.papers.daily.backfill,https://huggingface.co/api/daily_papers?date=2026-01-12,2026-09-13T20:02:38Z,200,application/json,180255,a63ad22389fd09557c83fecdb4b7f6b53b1c87265158ba78cdf73c1a5dcbbfcb,,,first_capture,raw/hf.papers.daily.backfill/2026/09/20260913T200238Z-a63ad22389fd.json.gz,,"backfill of 2026-01-12; upvotes are as-of-fetch, not as-of-date"
hf.papers.daily.backfill,https://huggingface.co/api/daily_papers?date=2026-01-13,2026-09-13T20:02:40Z,200,application/json,243336,7f0cd992608a191496edc5e8ad89aa151afab113fb39034c1dbd5c64fa7d1131,,,first_capture,raw/hf.papers.daily.backfill/2026/09/20260913T200240Z-7f0cd992608a.json.gz,,"backfill of 2026-01-13; upvotes are as-of-fetch, not as-of-date"
hf.papers.daily.backfill,https://huggingface.co/api/daily_papers?date=2026-01-14,2026-09-13T20:02:42Z,200,application/json,160471,f2d1bc75f594b05af47ebc8f614ba2ef162e2e05c683738ffed03ba4203b5e35,,,first_capture,raw/hf.papers.daily.backfill/2026/09/20260913T200242Z-f2d1bc75f594.json.gz,,"backfill of 2026-01-14; upvotes are as-of-fetch, not as-of-date"
hf.papers.daily.backfill,https://huggingface.co/api/daily_papers?date=2026-01-15,2026-09-13T20:02:43Z,200,application/json,159483,03df7baf4ca3777b671743749b3dccb93cfee12db9ba615ea9462eda4d0eba23,,,first_capture,raw/hf.papers.daily.backfill/2026/09/20260913T200243Z-03df7baf4ca3.json.gz,,"backfill of 2026-01-15; upvotes are as-of-fetch, not as-of-date"
hf.papers.daily.backfill,https://huggingface.co/api/daily_papers?date=2026-01-16,2026-09-13T20:02:45Z,200,application/json,261407,a7441640fd14605b6d7895032dbf0cb0d2eb369a6f2700ef048ef6837391a0bb,,,first_capture,raw/hf.papers.daily.backfill/2026/09/20260913T200245Z-a7441640fd14.json.gz,,"backfill of 2026-01-16; upvotes are as-of-fetch, not as-of-date"
hf.papers.daily.backfill,https://huggingface.co/api/daily_papers?date=2026-01-19,2026-09-13T20:02:50Z,200,application/json,131797,1e1f536987b772ec779a441b455cad72cd3f7524b1f4b259d5a2a152719f1c49,,,first_capture,raw/hf.papers.daily.backfill/2026/09/20260913T200250Z-1e1f536987b7.json.gz,,"backfill of 2026-01-19; upvotes are as-of-fetch, not as-of-date"
hf.papers.daily.backfill,https://huggingface.co/api/daily_papers?date=2026-01-20,2026-09-13T20:02:52Z,200,application/json,71067,9897683b8b95d8adadc1fbfb4ba40956963bfd66d9018a247054a4297f6394b9,,,first_capture,raw/hf.papers.daily.backfill/2026/09/20260913T200252Z-9897683b8b95.json.gz,,"backfill of 2026-01-20; upvotes are as-of-fetch, not as-of-date"
hf.papers.daily.backfill,https://huggingface.co/api/daily_papers?date=2026-01-21,2026-09-13T20:02:54Z,200,application/json,195917,2b1fa0148a0d1e66598220b582b38c76f32aacb63060f85213e02a1a11d1e17c,,,first_capture,raw/hf.papers.daily.backfill/2026/09/20260913T200254Z-2b1fa0148a0d.json.gz,,"backfill of 2026-01-21; upvotes are as-of-fetch, not as-of-date"
hf.papers.daily.backfill,https://huggingface.co/api/daily_papers?date=2026-01-22,2026-09-13T20:02:55Z,200,application/json,154046,108931c701cb66375ce640c8c8da9e322f906bee675a6f469df038efe112a073,,,first_capture,raw/hf.papers.daily.backfill/2026/09/20260913T200255Z-108931c701cb.json.gz,,"backfill of 2026-01-22; upvotes are as-of-fetch, not as-of-date"
hf.papers.daily.backfill,https://huggingface.co/api/daily_papers?date=2026-01-23,2026-09-13T20:02:57Z,200,application/json,171746,157d04632c49e4712488ec686e267c8992824fc8d025dcb4837263a5794aa028,,,first_capture,raw/hf.papers.daily.backfill/2026/09/20260913T200257Z-157d04632c49.json.gz,,"backfill of 2026-01-23; upvotes are as-of-fetch, not as-of-date"
hf.papers.daily.backfill,https://huggingface.co/api/daily_papers?date=2026-01-26,2026-09-13T20:03:02Z,200,application/json,130239,96fa540de785e89bba081c733b91d4c154d0cd4fe8d041546098e92e0c164af9,,,first_capture,raw/hf.papers.daily.backfill/2026/09/20260913T200302Z-96fa540de785.json.gz,,"backfill of 2026-01-26; upvotes are as-of-fetch, not as-of-date"
hf.papers.daily.backfill,https://huggingface.co/api/daily_papers?date=2026-01-27,2026-09-13T20:03:04Z,200,application/json,259176,a5fe80e4ffffd06ef4a052955e731a7270be2334a0e230f82b263da3f0bc3637,,,first_capture,raw/hf.papers.daily.backfill/2026/09/20260913T200304Z-a5fe80e4ffff.json.gz,,"backfill of 2026-01-27; upvotes are as-of-fetch, not as-of-date"
hf.papers.daily.backfill,https://huggingface.co/api/daily_papers?date=2026-01-28,2026-09-13T20:03:06Z,200,application/json,132571,49284d45b53dda216131c4db52efc0f1a0903fa16928877ab8c1207feb824483,,,first_capture,raw/hf.papers.daily.backfill/2026/09/20260913T200306Z-49284d45b53d.json.gz,,"backfill of 2026-01-28; upvotes are as-of-fetch, not as-of-date"
hf.papers.daily.backfill,https://huggingface.co/api/daily_papers?date=2026-01-29,2026-09-13T20:03:08Z,200,application/json,129627,64b2acaf03de2a766fb304151eef71904531c0c9df5e1ad4828682968aa9665f,,,first_capture,raw/hf.papers.daily.backfill/2026/09/20260913T200308Z-64b2acaf03de.json.gz,,"backfill of 2026-01-29; upvotes are as-of-fetch, not as-of-date"
hf.papers.daily.backfill,https://huggingface.co/api/daily_papers?date=2026-01-30,2026-09-13T20:03:10Z,200,application/json,254375,b669472b63e8e678c969902a6ef67d5659cab1dc1e4c3a568c33867beaec06f2,,,first_capture,raw/hf.papers.daily.backfill/2026/09/20260913T200310Z-b669472b63e8.json.gz,,"backfill of 2026-01-30; upvotes are as-of-fetch, not as-of-date"
hf.papers.daily.backfill,https://huggingface.co/api/daily_papers?date=2026-02-02,2026-09-13T20:03:15Z,200,application/json,231735,d298a6dd164b82178cf670ecf17651122bfbe23d5716d37580d5a51bd7ab21bc,,,first_capture,raw/hf.papers.daily.backfill/2026/09/20260913T200315Z-d298a6dd164b.json.gz,,"backfill of 2026-02-02; upvotes are as-of-fetch, not as-of-date"
hf.papers.daily.backfill,https://huggingface.co/api/daily_papers?date=2026-02-03,2026-09-13T20:03:17Z,200,application/json,349499,1e2122149c3aa38af1832d10e35babd37992cc48271d397f4d83cec236dac2e3,,,first_capture,raw/hf.papers.daily.backfill/2026/09/20260913T200317Z-1e2122149c3a.json.gz,,"backfill of 2026-02-03; upvotes are as-of-fetch, not as-of-date"
hf.papers.daily.backfill,https://huggingface.co/api/daily_papers?date=2026-02-04,2026-09-13T20:03:19Z,200,application/json,288415,553a091d15a092d87eb503566f712c84b2d3bcfa419aafd0d65cfc1c2d2e3973,,,first_capture,raw/hf.papers.daily.backfill/2026/09/20260913T200319Z-553a091d15a0.json.gz,,"backfill of 2026-02-04; upvotes are as-of-fetch, not as-of-date"
hf.papers.daily.backfill,https://huggingface.co/api/daily_papers?date=2026-02-05,2026-09-13T20:03:20Z,200,application/json,324537,8e67365872a92d61543a1f2255471a5c80b302afe8de2b62e56a5c3cc2a1b047,,,first_capture,raw/hf.papers.daily.backfill/2026/09/20260913T200320Z-8e67365872a9.json.gz,,"backfill of 2026-02-05; upvotes are as-of-fetch, not as-of-date"
hf.papers.daily.backfill,https://huggingface.co/api/daily_papers?date=2026-02-06,2026-09-13T20:03:22Z,200,application/json,269950,c9ccbe2d8c9d6e9a8151d9d4fd21841ebfa8c9efa68019ee882c30f2482c4912,,,first_capture,raw/hf.papers.daily.backfill/2026/09/20260913T200322Z-c9ccbe2d8c9d.json.gz,,"backfill of 2026-02-06; upvotes are as-of-fetch, not as-of-date"
hf.papers.daily.backfill,https://huggingface.co/api/daily_papers?date=2026-02-09,2026-09-13T20:03:27Z,200,application/json,250318,8f8cf204b4fcaa8eaa1f596c5984ee5e4bf905f54bb0ad70c924c1014a23dbdc,,,first_capture,raw/hf.papers.daily.backfill/2026/09/20260913T200327Z-8f8cf204b4fc.json.gz,,"backfill of 2026-02-09; upvotes are as-of-fetch, not as-of-date"
hf.papers.daily.backfill,https://huggingface.co/api/daily_papers?date=2026-02-10,2026-09-13T20:03:29Z,200,application/json,328888,ad7f0640e435acfe2260dd823129d3a414296873e3e3e68123600251c0f1a381,,,first_capture,raw/hf.papers.daily.backfill/2026/09/20260913T200329Z-ad7f0640e435.json.gz,,"backfill of 2026-02-10; upvotes are as-of-fetch, not as-of-date"
hf.papers.daily.backfill,https://huggingface.co/api/daily_papers?date=2026-02-11,2026-09-13T20:03:31Z,200,application/json,299943,3a9562fe7dd884b5e9ef706dbfde8bc48498bcb58ed813264012aae6f39a9fe5,,,first_capture,raw/hf.papers.daily.backfill/2026/09/20260913T200331Z-3a9562fe7dd8.json.gz,,"backfill of 2026-02-11; upvotes are as-of-fetch, not as-of-date"
hf.papers.daily.backfill,https://huggingface.co/api/daily_papers?date=2026-02-12,2026-09-13T20:03:33Z,200,application/json,295457,fddd2b05d9c68108addcc8d89fd8cb1252f542008340aaafe96360bca0cce0c4,,,first_capture,raw/hf.papers.daily.backfill/2026/09/20260913T200333Z-fddd2b05d9c6.json.gz,,"backfill of 2026-02-12; upvotes are as-of-fetch, not as-of-date"
hf.papers.daily.backfill,https://huggingface.co/api/daily_papers?date=2026-02-13,2026-09-13T20:03:35Z,200,application/json,258972,f0c668222d32f30d04580e07b6481ac8701aebca5c265d576408e7237fcc38ca,,,first_capture,raw/hf.papers.daily.backfill/2026/09/20260913T200335Z-f0c668222d32.json.gz,,"backfill of 2026-02-13; upvotes are as-of-fetch, not as-of-date"
hf.papers.daily.backfill,https://huggingface.co/api/daily_papers?date=2026-02-16,2026-09-13T20:03:40Z,200,application/json,178072,9ea16d534bb514b43636b077a031193dd5170c382d7639d5db645593262f6925,,,first_capture,raw/hf.papers.daily.backfill/2026/09/20260913T200340Z-9ea16d534bb5.json.gz,,"backfill of 2026-02-16; upvotes are as-of-fetch, not as-of-date"
hf.papers.daily.backfill,https://huggingface.co/api/daily_papers?date=2026-02-17,2026-09-13T20:03:42Z,200,application/json,206134,bb5257dae533787e30fd0943043c5ecd716986653b0803450293ad2d8d855bc2,,,first_capture,raw/hf.papers.daily.backfill/2026/09/20260913T200342Z-bb5257dae533.json.gz,,"backfill of 2026-02-17; upvotes are as-of-fetch, not as-of-date"
hf.papers.daily.backfill,https://huggingface.co/api/daily_papers?date=2026-02-18,2026-09-13T20:03:44Z,200,application/json,181647,c7d7976818e54a5fa8f6ef44b95d00845dee113600527e4007c7d17eb6bc4ef1,,,first_capture,raw/hf.papers.daily.backfill/2026/09/20260913T200344Z-c7d7976818e5.json.gz,,"backfill of 2026-02-18; upvotes are as-of-fetch, not as-of-date"
hf.papers.daily.backfill,https://huggingface.co/api/daily_papers?date=2026-02-19,2026-09-13T20:03:45Z,200,application/json,129349,d2af1145225ec6fbc460c4689dcdb6816e070a5b61c1b8cd6a08d37d8cc83fdf,,,first_capture,raw/hf.papers.daily.backfill/2026/09/20260913T200345Z-d2af1145225e.json.gz,,"backfill of 2026-02-19; upvotes are as-of-fetch, not as-of-date"
hf.papers.daily.backfill,https://huggingface.co/api/daily_papers?date=2026-02-20,2026-09-13T20:03:47Z,200,application/json,141795,bc624957bae912bb90239af667e2413205156efa7f85e1a17b80104e4b33e6f4,,,first_capture,raw/hf.papers.daily.backfill/2026/09/20260913T200347Z-bc624957bae9.json.gz,,"backfill of 2026-02-20; upvotes are as-of-fetch, not as-of-date"
hf.papers.daily.backfill,https://huggingface.co/api/daily_papers?date=2026-02-23,2026-09-13T20:03:52Z,200,application/json,95567,7362662f82813981cc9b2b98b722671551149dc4aff88edabfabbebfa8a91c75,,,first_capture,raw/hf.papers.daily.backfill/2026/09/20260913T200352Z-7362662f8281.json.gz,,"backfill of 2026-02-23; upvotes are as-of-fetch, not as-of-date"
hf.papers.daily.backfill,https://huggingface.co/api/daily_papers?date=2026-02-24,2026-09-13T20:03:54Z,200,application/json,153639,e1ca1f942d9f13bd4b73540fc6e2b8ecdb0e3b54f0384e3b28e017f627e6f6cb,,,first_capture,raw/hf.papers.daily.backfill/2026/09/20260913T200354Z-e1ca1f942d9f.json.gz,,"backfill of 2026-02-24; upvotes are as-of-fetch, not as-of-date"
hf.papers.daily.backfill,https://huggingface.co/api/daily_papers?date=2026-02-25,2026-09-13T20:03:56Z,200,application/json,177203,69347a3a3540c67fb905ffc3b00fa7a36eefdb2fbf6237605f7afea7f414691c,,,first_capture,raw/hf.papers.daily.backfill/2026/09/20260913T200356Z-69347a3a3540.json.gz,,"backfill of 2026-02-25; upvotes are as-of-fetch, not as-of-date"
hf.papers.daily.backfill,https://huggingface.co/api/daily_papers?date=2026-02-26,2026-09-13T20:03:57Z,200,application/json,189867,fcbd72303e0b615e2d05bc7b8386c3f52e9db6b10d258fb84f248266aa60a910,,,first_capture,raw/hf.papers.daily.backfill/2026/09/20260913T200357Z-fcbd72303e0b.json.gz,,"backfill of 2026-02-26; upvotes are as-of-fetch, not as-of-date"
hf.papers.daily.backfill,https://huggingface.co/api/daily_papers?date=2026-02-27,2026-09-13T20:03:59Z,200,application/json,161516,afb1c5c7e7b00f8b318402af3cbe1b47206f0bd7bd2d52d02d273e3e7b641dc8,,,first_capture,raw/hf.papers.daily.backfill/2026/09/20260913T200359Z-afb1c5c7e7b0.json.gz,,"backfill of 2026-02-27; upvotes are as-of-fetch, not as-of-date"
hf.papers.daily.backfill,https://huggingface.co/api/daily_papers?date=2026-03-02,2026-09-13T20:04:04Z,200,application/json,123704,dcd38823067684bcd18a6280a45ab44e3213328e74d29c95e33d22ea595d835f,,,first_capture,raw/hf.papers.daily.backfill/2026/09/20260913T200404Z-dcd388230676.json.gz,,"backfill of 2026-03-02; upvotes are as-of-fetch, not as-of-date"
hf.papers.daily.backfill,https://huggingface.co/api/daily_papers?date=2026-03-03,2026-09-13T20:04:06Z,200,application/json,242524,08c33e04874ddd9cea5ace69ab41f72521b6ebee5dce2651a6fc24f7e567d94f,,,first_capture,raw/hf.papers.daily.backfill/2026/09/20260913T200406Z-08c33e04874d.json.gz,,"backfill of 2026-03-03; upvotes are as-of-fetch, not as-of-date"
hf.papers.daily.backfill,https://huggingface.co/api/daily_papers?date=2026-03-04,2026-09-13T20:04:08Z,200,application/json,249308,7b369ead56c289bb54a3e97b8d0c9448cc7858fc043e5d7cfa0bcc6fe7ab305b,,,first_capture,raw/hf.papers.daily.backfill/2026/09/20260913T200408Z-7b369ead56c2.json.gz,,"backfill of 2026-03-04; upvotes are as-of-fetch, not as-of-date"
hf.papers.daily.backfill,https://huggingface.co/api/daily_papers?date=2026-03-05,2026-09-13T20:04:10Z,200,application/json,136868,6581de3c985aeb6944235998e67111c3de59db4fb4cf001ca1c646450ab5ac73,,,first_capture,raw/hf.papers.daily.backfill/2026/09/20260913T200410Z-6581de3c985a.json.gz,,"backfill of 2026-03-05; upvotes are as-of-fetch, not as-of-date"
hf.papers.daily.backfill,https://huggingface.co/api/daily_papers?date=2026-03-06,2026-09-13T20:04:11Z,200,application/json,145289,0d7a25b6db2cecaac7cb8275a440d2c3382f0a3b4657f940fdb32f399158ccab,,,first_capture,raw/hf.papers.daily.backfill/2026/09/20260913T200411Z-0d7a25b6db2c.json.gz,,"backfill of 2026-03-06; upvotes are as-of-fetch, not as-of-date"
hf.papers.daily.backfill,https://huggingface.co/api/daily_papers?date=2026-03-09,2026-09-13T20:04:16Z,200,application/json,168060,0b201abe298830e91910119f3440d953e6cf4d68ae20743b46bb8a10e9cdebca,,,first_capture,raw/hf.papers.daily.backfill/2026/09/20260913T200416Z-0b201abe2988.json.gz,,"backfill of 2026-03-09; upvotes are as-of-fetch, not as-of-date"
hf.papers.daily.backfill,https://huggingface.co/api/daily_papers?date=2026-03-10,2026-09-13T20:04:18Z,200,application/json,276579,2d2814e6af93e5d839e658ec3020617ddd11861bec2725480177246855bfbb4a,,,first_capture,raw/hf.papers.daily.backfill/2026/09/20260913T200418Z-2d2814e6af93.json.gz,,"backfill of 2026-03-10; upvotes are as-of-fetch, not as-of-date"
hf.papers.daily.backfill,https://huggingface.co/api/daily_papers?date=2026-03-11,2026-09-13T20:04:20Z,200,application/json,179690,bca486c5279ff614c72da96e780feb37ec13736471d3986a0bd9d98604b37098,,,first_capture,raw/hf.papers.daily.backfill/2026/09/20260913T200420Z-bca486c5279f.json.gz,,"backfill of 2026-03-11; upvotes are as-of-fetch, not as-of-date"
hf.papers.daily.backfill,https://huggingface.co/api/daily_papers?date=2026-03-12,2026-09-13T20:04:22Z,200,application/json,186170,8a2d3541960ac2087d70df490af17c66cd71d8e156635fee60370855f3023c96,,,first_capture,raw/hf.papers.daily.backfill/2026/09/20260913T200422Z-8a2d3541960a.json.gz,,"backfill of 2026-03-12; upvotes are as-of-fetch, not as-of-date"
hf.papers.daily.backfill,https://huggingface.co/api/daily_papers?date=2026-03-13,2026-09-13T20:04:24Z,200,application/json,289197,40c7b3408786bfee4a903778c995d97f9ce3613227335d365e2aa3cae3f53a87,,,first_capture,raw/hf.papers.daily.backfill/2026/09/20260913T200424Z-40c7b3408786.json.gz,,"backfill of 2026-03-13; upvotes are as-of-fetch, not as-of-date"
hf.papers.daily.backfill,https://huggingface.co/api/daily_papers?date=2026-03-16,2026-09-13T20:04:29Z,200,application/json,195390,16fc587368adea5127458a24ad452cf51cb72c03f88dc3ebc997e712f725dc48,,,first_capture,raw/hf.papers.daily.backfill/2026/09/20260913T200429Z-16fc587368ad.json.gz,,"backfill of 2026-03-16; upvotes are as-of-fetch, not as-of-date"
hf.papers.daily.backfill,https://huggingface.co/api/daily_papers?date=2026-03-17,2026-09-13T20:04:31Z,200,application/json,274309,acb6a206412eca331c93831927f29a30dd832d0939ade92f34ce062d908a74cf,,,first_capture,raw/hf.papers.daily.backfill/2026/09/20260913T200431Z-acb6a206412e.json.gz,,"backfill of 2026-03-17; upvotes are as-of-fetch, not as-of-date"
hf.papers.daily.backfill,https://huggingface.co/api/daily_papers?date=2026-03-18,2026-09-13T20:04:33Z,200,application/json,325524,013986a0360cb8eb8d20ab6d2152aad159c6dccf7948ee35bdcde47197857c88,,,first_capture,raw/hf.papers.daily.backfill/2026/09/20260913T200433Z-013986a0360c.json.gz,,"backfill of 2026-03-18; upvotes are as-of-fetch, not as-of-date"
hf.papers.daily.backfill,https://huggingface.co/api/daily_papers?date=2026-03-19,2026-09-13T20:04:34Z,200,application/json,188368,4e2a48fa8e137a94fac97a2a65b9118a1c070f21cfef6f7f20275569adc429ba,,,first_capture,raw/hf.papers.daily.backfill/2026/09/20260913T200434Z-4e2a48fa8e13.json.gz,,"backfill of 2026-03-19; upvotes are as-of-fetch, not as-of-date"
hf.papers.daily.backfill,https://huggingface.co/api/daily_papers?date=2026-03-20,2026-09-13T20:04:36Z,200,application/json,190601,e67ea89efdc1259eb0237d46fa9f31a96f4d5efc9d02338eafa6de4bd9458811,,,first_capture,raw/hf.papers.daily.backfill/2026/09/20260913T200436Z-e67ea89efdc1.json.gz,,"backfill of 2026-03-20; upvotes are as-of-fetch, not as-of-date"
hf.papers.daily.backfill,https://huggingface.co/api/daily_papers?date=2026-03-23,2026-09-13T20:04:41Z,200,application/json,207982,a8bd581a9f602e0d929f3c5ecec35bcd73b357c61795e6eaaada4fed04b59306,,,first_capture,raw/hf.papers.daily.backfill/2026/09/20260913T200441Z-a8bd581a9f60.json.gz,,"backfill of 2026-03-23; upvotes are as-of-fetch, not as-of-date"
hf.papers.daily.backfill,https://huggingface.co/api/daily_papers?date=2026-03-24,2026-09-13T20:04:43Z,200,application/json,233940,734a22f32fc06c7e64eedbdef79b43881ab8355c0460969a13dab1c03977ac0f,,,first_capture,raw/hf.papers.daily.backfill/2026/09/20260913T200443Z-734a22f32fc0.json.gz,,"backfill of 2026-03-24; upvotes are as-of-fetch, not as-of-date"
hf.papers.daily.backfill,https://huggingface.co/api/daily_papers?date=2026-03-25,2026-09-13T20:04:45Z,200,application/json,201699,dc13ae9e1c2e619c99894ec3e693ba8b93ededd85eede55979acc1b4125e7945,,,first_capture,raw/hf.papers.daily.backfill/2026/09/20260913T200445Z-dc13ae9e1c2e.json.gz,,"backfill of 2026-03-25; upvotes are as-of-fetch, not as-of-date"
hf.papers.daily.backfill,https://huggingface.co/api/daily_papers?date=2026-03-26,2026-09-13T20:04:46Z,200,application/json,134495,5ab794f0173457bf0d53d5b75949363ed9ee3ea1ce61889c4f8098f5e33ad6f4,,,first_capture,raw/hf.papers.daily.backfill/2026/09/20260913T200446Z-5ab794f01734.json.gz,,"backfill of 2026-03-26; upvotes are as-of-fetch, not as-of-date"
hf.papers.daily.backfill,https://huggingface.co/api/daily_papers?date=2026-03-27,2026-09-13T20:04:48Z,200,application/json,197925,d0d1d0d48fb1dd6c022255c2a0ec121e80417f91e65fb39aa85dff3589fdc9ae,,,first_capture,raw/hf.papers.daily.backfill/2026/09/20260913T200448Z-d0d1d0d48fb1.json.gz,,"backfill of 2026-03-27; upvotes are as-of-fetch, not as-of-date"
hf.papers.daily.backfill,https://huggingface.co/api/daily_papers?date=2026-03-30,2026-09-13T20:04:52Z,200,application/json,98042,b05aeddefc2eebfc1b8554b29bcfec18594f24a2f08280d5764f5172a4384763,,,first_capture,raw/hf.papers.daily.backfill/2026/09/20260913T200452Z-b05aeddefc2e.json.gz,,"backfill of 2026-03-30; upvotes are as-of-fetch, not as-of-date"
hf.papers.daily.backfill,https://huggingface.co/api/daily_papers?date=2026-03-31,2026-09-13T20:04:54Z,200,application/json,232109,b6bede9360d70087953a66cfb01098ea1663aac6b1645e3d6fcf3d3b43d7e25d,,,first_capture,raw/hf.papers.daily.backfill/2026/09/20260913T200454Z-b6bede9360d7.json.gz,,"backfill of 2026-03-31; upvotes are as-of-fetch, not as-of-date"
hf.papers.daily.backfill,https://huggingface.co/api/daily_papers?date=2026-04-01,2026-09-13T20:04:56Z,200,application/json,275072,95aa4fac151bf42f486d01fedc6c1d1647670858b6d3c6115a4a310439000c35,,,first_capture,raw/hf.papers.daily.backfill/2026/09/20260913T200456Z-95aa4fac151b.json.gz,,"backfill of 2026-04-01; upvotes are as-of-fetch, not as-of-date"
hf.papers.daily.backfill,https://huggingface.co/api/daily_papers?date=2026-04-02,2026-09-13T20:04:58Z,200,application/json,171882,da7f616d3244b745d7884adaa5c77d6b303dd5e5140acfcb94f03b4b430c0215,,,first_capture,raw/hf.papers.daily.backfill/2026/09/20260913T200458Z-da7f616d3244.json.gz,,"backfill of 2026-04-02; upvotes are as-of-fetch, not as-of-date"
hf.papers.daily.backfill,https://huggingface.co/api/daily_papers?date=2026-04-03,2026-09-13T20:05:00Z,200,application/json,266098,dfbd6345ace9b987d47c56b38a998c13d58aef03d07a5578da4594dfc8328ece,,,first_capture,raw/hf.papers.daily.backfill/2026/09/20260913T200500Z-dfbd6345ace9.json.gz,,"backfill of 2026-04-03; upvotes are as-of-fetch, not as-of-date"
hf.papers.daily.backfill,https://huggingface.co/api/daily_papers?date=2026-04-06,2026-09-13T20:05:04Z,200,application/json,105676,edb2e037cc49f2fa124be11d061023947c3ce59298edf8b359fab3b4b753eca5,,,first_capture,raw/hf.papers.daily.backfill/2026/09/20260913T200504Z-edb2e037cc49.json.gz,,"backfill of 2026-04-06; upvotes are as-of-fetch, not as-of-date"
hf.papers.daily.backfill,https://huggingface.co/api/daily_papers?date=2026-04-07,2026-09-13T20:05:06Z,200,application/json,224103,1d081f56c99a3cf274f08cb01ff87eea6bdfe5d360608a0fc984b384cfb0bb41,,,first_capture,raw/hf.papers.daily.backfill/2026/09/20260913T200506Z-1d081f56c99a.json.gz,,"backfill of 2026-04-07; upvotes are as-of-fetch, not as-of-date"
hf.papers.daily.backfill,https://huggingface.co/api/daily_papers?date=2026-04-08,2026-09-13T20:05:08Z,200,application/json,185670,7b29a7a03ea86c4a4fa64cd8d16b35d528b2e63cc87e39d3cb9ae12d70461d51,,,first_capture,raw/hf.papers.daily.backfill/2026/09/20260913T200508Z-7b29a7a03ea8.json.gz,,"backfill of 2026-04-08; upvotes are as-of-fetch, not as-of-date"
hf.papers.daily.backfill,https://huggingface.co/api/daily_papers?date=2026-04-09,2026-09-13T20:05:10Z,200,application/json,174630,06658f9b119aeeb21738479853f2a9b2a22d80a5f99c6b8ba624bd00b3ca1d16,,,first_capture,raw/hf.papers.daily.backfill/2026/09/20260913T200510Z-06658f9b119a.json.gz,,"backfill of 2026-04-09; upvotes are as-of-fetch, not as-of-date"
hf.papers.daily.backfill,https://huggingface.co/api/daily_papers?date=2026-04-10,2026-09-13T20:05:11Z,200,application/json,257830,5c05c4426cf6dbf87b6bd084552c247b309348e8c7a9b68266f2eebe0c93730b,,,first_capture,raw/hf.papers.daily.backfill/2026/09/20260913T200511Z-5c05c4426cf6.json.gz,,"backfill of 2026-04-10; upvotes are as-of-fetch, not as-of-date"
hf.papers.daily.backfill,https://huggingface.co/api/daily_papers?date=2026-04-13,2026-09-13T20:05:16Z,200,application/json,179546,275d77ceffd50d17aa2c271effa44b766b6a2bb5c4b6efc83a07061170e3614b,,,first_capture,raw/hf.papers.daily.backfill/2026/09/20260913T200516Z-275d77ceffd5.json.gz,,"backfill of 2026-04-13; upvotes are as-of-fetch, not as-of-date"
hf.papers.daily.backfill,https://huggingface.co/api/daily_papers?date=2026-04-14,2026-09-13T20:05:18Z,200,application/json,271829,378ee73bcccf7beae41f31dc5709301f6ed1172cbc2ff95df9f200b16eb61768,,,first_capture,raw/hf.papers.daily.backfill/2026/09/20260913T200518Z-378ee73bcccf.json.gz,,"backfill of 2026-04-14; upvotes are as-of-fetch, not as-of-date"
hf.papers.daily.backfill,https://huggingface.co/api/daily_papers?date=2026-04-15,2026-09-13T20:05:20Z,200,application/json,275073,d72b65a84633b834d24e50546bbe7e29ceeea37035b5b9e3c34b4ce95e36c79d,,,first_capture,raw/hf.papers.daily.backfill/2026/09/20260913T200520Z-d72b65a84633.json.gz,,"backfill of 2026-04-15; upvotes are as-of-fetch, not as-of-date"
hf.papers.daily.backfill,https://huggingface.co/api/daily_papers?date=2026-04-16,2026-09-13T20:05:22Z,200,application/json,216416,9546f32e20419acf6421aa78cf29525e271076f4de716d2d7e6e2eb8725c16c2,,,first_capture,raw/hf.papers.daily.backfill/2026/09/20260913T200522Z-9546f32e2041.json.gz,,"backfill of 2026-04-16; upvotes are as-of-fetch, not as-of-date"
hf.papers.daily.backfill,https://huggingface.co/api/daily_papers?date=2026-04-17,2026-09-13T20:05:24Z,200,application/json,165961,e39b84fe9640caee1cbe9ff661a181794a491e6bd7c7e846acf34dece56243a3,,,first_capture,raw/hf.papers.daily.backfill/2026/09/20260913T200524Z-e39b84fe9640.json.gz,,"backfill of 2026-04-17; upvotes are as-of-fetch, not as-of-date"
hf.papers.daily.backfill,https://huggingface.co/api/daily_papers?date=2026-04-20,2026-09-13T20:05:28Z,200,application/json,161588,5ab3f35d433306a735a121ea0aa823a142231560a568f7bcb46b3b02ea9588d7,,,first_capture,raw/hf.papers.daily.backfill/2026/09/20260913T200528Z-5ab3f35d4333.json.gz,,"backfill of 2026-04-20; upvotes are as-of-fetch, not as-of-date"
hf.papers.daily.backfill,https://huggingface.co/api/daily_papers?date=2026-04-21,2026-09-13T20:05:30Z,200,application/json,288911,129373aadd588ff7c5147f094fb138c505f1c571aba76081ccf9353636c81adc,,,first_capture,raw/hf.papers.daily.backfill/2026/09/20260913T200530Z-129373aadd58.json.gz,,"backfill of 2026-04-21; upvotes are as-of-fetch, not as-of-date"
hf.papers.daily.backfill,https://huggingface.co/api/daily_papers?date=2026-04-22,2026-09-13T20:05:32Z,200,application/json,216296,e0605bcf7f131d127770cbc6c028d7894da5134e251dc33172ad9dbccf3fd104,,,first_capture,raw/hf.papers.daily.backfill/2026/09/20260913T200532Z-e0605bcf7f13.json.gz,,"backfill of 2026-04-22; upvotes are as-of-fetch, not as-of-date"
hf.papers.daily.backfill,https://huggingface.co/api/daily_papers?date=2026-04-23,2026-09-13T20:05:34Z,200,application/json,182006,f315bf83f2d5a3b87e9215345d355328f062f3b1e4addcc4268ba7dfd34027fd,,,first_capture,raw/hf.papers.daily.backfill/2026/09/20260913T200534Z-f315bf83f2d5.json.gz,,"backfill of 2026-04-23; upvotes are as-of-fetch, not as-of-date"
hf.papers.daily.backfill,https://huggingface.co/api/daily_papers?date=2026-04-24,2026-09-13T20:05:35Z,200,application/json,122674,210664513c5131138e699105fe26665ac445b43e59dd2b050a27307b756b3085,,,first_capture,raw/hf.papers.daily.backfill/2026/09/20260913T200535Z-210664513c51.json.gz,,"backfill of 2026-04-24; upvotes are as-of-fetch, not as-of-date"
hf.papers.daily.backfill,https://huggingface.co/api/daily_papers?date=2026-04-27,2026-09-13T20:05:40Z,200,application/json,100987,4e27923bcf47d29f8aab4419dab7252bef0054f0ce60d9d16188c768d338441b,,,first_capture,raw/hf.papers.daily.backfill/2026/09/20260913T200540Z-4e27923bcf47.json.gz,,"backfill of 2026-04-27; upvotes are as-of-fetch, not as-of-date"
hf.papers.daily.backfill,https://huggingface.co/api/daily_papers?date=2026-04-28,2026-09-13T20:05:42Z,200,application/json,205863,ff8fff025e3044ed4e3c1787a15676ba901ca4a3f65e1a4a9d5a220dc141ad53,,,first_capture,raw/hf.papers.daily.backfill/2026/09/20260913T200542Z-ff8fff025e30.json.gz,,"backfill of 2026-04-28; upvotes are as-of-fetch, not as-of-date"
hf.papers.daily.backfill,https://huggingface.co/api/daily_papers?date=2026-04-29,2026-09-13T20:05:44Z,200,application/json,133024,1ea72867302e6b26c229ae7550ff5e9538fb11e0cf5059f13383288ef4902511,,,first_capture,raw/hf.papers.daily.backfill/2026/09/20260913T200544Z-1ea72867302e.json.gz,,"backfill of 2026-04-29; upvotes are as-of-fetch, not as-of-date"
hf.papers.daily.backfill,https://huggingface.co/api/daily_papers?date=2026-04-30,2026-09-13T20:05:46Z,200,application/json,113097,f0965ba2ada2d0aafda633e1fb3c346951492af2b5b15329b58ea588144e5d77,,,first_capture,raw/hf.papers.daily.backfill/2026/09/20260913T200546Z-f0965ba2ada2.json.gz,,"backfill of 2026-04-30; upvotes are as-of-fetch, not as-of-date"
hf.papers.daily.backfill,https://huggingface.co/api/daily_papers?date=2026-05-01,2026-09-13T20:05:48Z,200,application/json,167024,55233850f961a700e55d6889d67972512ee77b93d3d2b299a934a745620a2ef1,,,first_capture,raw/hf.papers.daily.backfill/2026/09/20260913T200548Z-55233850f961.json.gz,,"backfill of 2026-05-01; upvotes are as-of-fetch, not as-of-date"
hf.papers.daily.backfill,https://huggingface.co/api/daily_papers?date=2026-05-04,2026-09-13T20:05:52Z,200,application/json,115179,8d70b4682fa25f19f2341afc25fb03fe1725eb10dc5eb1b0622b137945210c54,,,first_capture,raw/hf.papers.daily.backfill/2026/09/20260913T200552Z-8d70b4682fa2.json.gz,,"backfill of 2026-05-04; upvotes are as-of-fetch, not as-of-date"
hf.papers.daily.backfill,https://huggingface.co/api/daily_papers?date=2026-05-05,2026-09-13T20:05:54Z,200,application/json,151774,84ef8fff4ff8b279415f7d6370463632641bed74583435e0a950c12b75177294,,,first_capture,raw/hf.papers.daily.backfill/2026/09/20260913T200554Z-84ef8fff4ff8.json.gz,,"backfill of 2026-05-05; upvotes are as-of-fetch, not as-of-date"
hf.papers.daily.backfill,https://huggingface.co/api/daily_papers?date=2026-05-06,2026-09-13T20:05:56Z,200,application/json,136673,795433c0da84a5683a2809c7f98281fe6832ba9bc94b5bc44a8ae3acfb19ef6e,,,first_capture,raw/hf.papers.daily.backfill/2026/09/20260913T200556Z-795433c0da84.json.gz,,"backfill of 2026-05-06; upvotes are as-of-fetch, not as-of-date"
hf.papers.daily.backfill,https://huggingface.co/api/daily_papers?date=2026-05-07,2026-09-13T20:05:58Z,200,application/json,164759,fb55b8afbce1f4879b677ef0d716488185c80dda3cc6bf79bbdbb9b35d6ec396,,,first_capture,raw/hf.papers.daily.backfill/2026/09/20260913T200558Z-fb55b8afbce1.json.gz,,"backfill of 2026-05-07; upvotes are as-of-fetch, not as-of-date"
hf.papers.daily.backfill,https://huggingface.co/api/daily_papers?date=2026-05-08,2026-09-13T20:06:00Z,200,application/json,219863,66c3fc2b3e54fb57db958b2e6b30a5e7e1d41e684c06afe5db33e4422be66635,,,first_capture,raw/hf.papers.daily.backfill/2026/09/20260913T200600Z-66c3fc2b3e54.json.gz,,"backfill of 2026-05-08; upvotes are as-of-fetch, not as-of-date"
hf.papers.daily.backfill,https://huggingface.co/api/daily_papers?date=2026-05-11,2026-09-13T20:06:06Z,200,application/json,294669,af693d88ea3456581332336b5a5139e47fe49cbacd888b70a079921b7e0fde7a,,,first_capture,raw/hf.papers.daily.backfill/2026/09/20260913T200606Z-af693d88ea34.json.gz,,"backfill of 2026-05-11; upvotes are as-of-fetch, not as-of-date"
hf.papers.daily.backfill,https://huggingface.co/api/daily_papers?date=2026-05-12,2026-09-13T20:06:08Z,200,application/json,308990,c1ac6731940f3b6fb8326ec3193c15d223da77c8b155b7604aa15fbed8d74bc3,,,first_capture,raw/hf.papers.daily.backfill/2026/09/20260913T200608Z-c1ac6731940f.json.gz,,"backfill of 2026-05-12; upvotes are as-of-fetch, not as-of-date"
hf.papers.daily.backfill,https://huggingface.co/api/daily_papers?date=2026-05-13,2026-09-13T20:06:10Z,200,application/json,310696,57414b9c209d09430e33a98fefd6d4216ca5e49285fd7b8decd197caec77bb7b,,,first_capture,raw/hf.papers.daily.backfill/2026/09/20260913T200610Z-57414b9c209d.json.gz,,"backfill of 2026-05-13; upvotes are as-of-fetch, not as-of-date"
hf.papers.daily.backfill,https://huggingface.co/api/daily_papers?date=2026-05-14,2026-09-13T20:06:12Z,200,application/json,313278,655b7cf2ea710621c65fd622067ec4bd68b9238fd64e62eeada3ee8faf722385,,,first_capture,raw/hf.papers.daily.backfill/2026/09/20260913T200612Z-655b7cf2ea71.json.gz,,"backfill of 2026-05-14; upvotes are as-of-fetch, not as-of-date"
hf.papers.daily.backfill,https://huggingface.co/api/daily_papers?date=2026-05-15,2026-09-13T20:06:13Z,200,application/json,304442,713005ed35c7287caeeb2939e44b00245c60f3dbf973403f194d630b1240c23a,,,first_capture,raw/hf.papers.daily.backfill/2026/09/20260913T200613Z-713005ed35c7.json.gz,,"backfill of 2026-05-15; upvotes are as-of-fetch, not as-of-date"
hf.papers.daily.backfill,https://huggingface.co/api/daily_papers?date=2026-05-18,2026-09-13T20:06:18Z,200,application/json,249241,34777d95108e27ca795f6fcd93e8e8ff75be085dc25d62666ad2b8b4416b1220,,,first_capture,raw/hf.papers.daily.backfill/2026/09/20260913T200618Z-34777d95108e.json.gz,,"backfill of 2026-05-18; upvotes are as-of-fetch, not as-of-date"
hf.papers.daily.backfill,https://huggingface.co/api/daily_papers?date=2026-05-19,2026-09-13T20:06:20Z,200,application/json,307977,5a6eddb818b31d3e1fb9ace25e76bb169804ee1d1bfa84e3c053b7b05f89fa2e,,,first_capture,raw/hf.papers.daily.backfill/2026/09/20260913T200620Z-5a6eddb818b3.json.gz,,"backfill of 2026-05-19; upvotes are as-of-fetch, not as-of-date"
hf.papers.daily.backfill,https://huggingface.co/api/daily_papers?date=2026-05-20,2026-09-13T20:06:22Z,200,application/json,296513,b91719d6c69ae1d72cd7ac5a31561b02736a09df2061ae0dd445a86f6720da6d,,,first_capture,raw/hf.papers.daily.backfill/2026/09/20260913T200622Z-b91719d6c69a.json.gz,,"backfill of 2026-05-20; upvotes are as-of-fetch, not as-of-date"
hf.papers.daily.backfill,https://huggingface.co/api/daily_papers?date=2026-05-21,2026-09-13T20:06:24Z,200,application/json,259075,82e313528276d530710912f3da6d7968e048c15b3bb8665e723d892c96692df8,,,first_capture,raw/hf.papers.daily.backfill/2026/09/20260913T200624Z-82e313528276.json.gz,,"backfill of 2026-05-21; upvotes are as-of-fetch, not as-of-date"
hf.papers.daily.backfill,https://huggingface.co/api/daily_papers?date=2026-05-22,2026-09-13T20:06:26Z,200,application/json,299346,a0981e1db68b579a5ffa121d436df054c9c38a3fb3691c879376254889c179f7,,,first_capture,raw/hf.papers.daily.backfill/2026/09/20260913T200626Z-a0981e1db68b.json.gz,,"backfill of 2026-05-22; upvotes are as-of-fetch, not as-of-date"
hf.papers.daily.backfill,https://huggingface.co/api/daily_papers?date=2026-05-25,2026-09-13T20:06:31Z,200,application/json,180394,7c202782e1d83a480441ae34c6363b2e127e0883d25e90fe5ec53f116d1dab00,,,first_capture,raw/hf.papers.daily.backfill/2026/09/20260913T200631Z-7c202782e1d8.json.gz,,"backfill of 2026-05-25; upvotes are as-of-fetch, not as-of-date"
hf.papers.daily.backfill,https://huggingface.co/api/daily_papers?date=2026-05-26,2026-09-13T20:06:32Z,200,application/json,300735,fae7a3eae62db8fb5a0968da3e19fa30ad42ddfc7d7e6965ed6a22aca094301b,,,first_capture,raw/hf.papers.daily.backfill/2026/09/20260913T200632Z-fae7a3eae62d.json.gz,,"backfill of 2026-05-26; upvotes are as-of-fetch, not as-of-date"
hf.papers.daily.backfill,https://huggingface.co/api/daily_papers?date=2026-05-27,2026-09-13T20:06:34Z,200,application/json,266966,402eb301b76f3e78da17c98e784867dc576ee0f2f29169f96ec3736922c2c79c,,,first_capture,raw/hf.papers.daily.backfill/2026/09/20260913T200634Z-402eb301b76f.json.gz,,"backfill of 2026-05-27; upvotes are as-of-fetch, not as-of-date"
hf.papers.daily.backfill,https://huggingface.co/api/daily_papers?date=2026-05-28,2026-09-13T20:06:36Z,200,application/json,296928,a888a849cc1e38997bfad7274000a62d120cba2a47f29e7a4b5f4081f6adae5c,,,first_capture,raw/hf.papers.daily.backfill/2026/09/20260913T200636Z-a888a849cc1e.json.gz,,"backfill of 2026-05-28; upvotes are as-of-fetch, not as-of-date"
hf.papers.daily.backfill,https://huggingface.co/api/daily_papers?date=2026-05-29,2026-09-13T20:06:38Z,200,application/json,303731,f70f0d18687c2028e7571d9539ea3e211cb3ed4e94ab25d8210d6fa3c867fca2,,,first_capture,raw/hf.papers.daily.backfill/2026/09/20260913T200638Z-f70f0d18687c.json.gz,,"backfill of 2026-05-29; upvotes are as-of-fetch, not as-of-date"
hf.papers.daily.backfill,https://huggingface.co/api/daily_papers?date=2026-06-01,2026-09-13T20:06:43Z,200,application/json,297579,e3bc31bff1fa8956b0f99945cb87c47884c8f26be8f725c7475ace9fd6735857,,,first_capture,raw/hf.papers.daily.backfill/2026/09/20260913T200643Z-e3bc31bff1fa.json.gz,,"backfill of 2026-06-01; upvotes are as-of-fetch, not as-of-date"
hf.papers.daily.backfill,https://huggingface.co/api/daily_papers?date=2026-06-02,2026-09-13T20:06:46Z,200,application/json,300763,cd8e43cf9bdde477e2c95243b7fda243f9654be54794bab3d5531e9787e96b9c,,,first_capture,raw/hf.papers.daily.backfill/2026/09/20260913T200646Z-cd8e43cf9bdd.json.gz,,"backfill of 2026-06-02; upvotes are as-of-fetch, not as-of-date"
hf.papers.daily.backfill,https://huggingface.co/api/daily_papers?date=2026-06-03,2026-09-13T20:06:48Z,200,application/json,246668,b7009d973092abbbf551d321e90860398b18d1ea797e0a7bd3d13055877e6588,,,first_capture,raw/hf.papers.daily.backfill/2026/09/20260913T200648Z-b7009d973092.json.gz,,"backfill of 2026-06-03; upvotes are as-of-fetch, not as-of-date"
hf.papers.daily.backfill,https://huggingface.co/api/daily_papers?date=2026-06-04,2026-09-13T20:06:50Z,200,application/json,313465,dae26908aead4ad19777d1fb33d64b6646e8af74e2fea0d2866c30e8ea7042e9,,,first_capture,raw/hf.papers.daily.backfill/2026/09/20260913T200650Z-dae26908aead.json.gz,,"backfill of 2026-06-04; upvotes are as-of-fetch, not as-of-date"
hf.papers.daily.backfill,https://huggingface.co/api/daily_papers?date=2026-06-05,2026-09-13T20:06:52Z,200,application/json,293037,b6b211087e6b2adfded944ac99f85635440e6211603bdb540ea28384567b3755,,,first_capture,raw/hf.papers.daily.backfill/2026/09/20260913T200652Z-b6b211087e6b.json.gz,,"backfill of 2026-06-05; upvotes are as-of-fetch, not as-of-date"
hf.papers.daily.backfill,https://huggingface.co/api/daily_papers?date=2026-06-08,2026-09-13T20:06:57Z,200,application/json,278173,0c78bfc5e07874ec4170d47e36d838e0bdb09874dfccf51342a35d1c64c25159,,,first_capture,raw/hf.papers.daily.backfill/2026/09/20260913T200657Z-0c78bfc5e078.json.gz,,"backfill of 2026-06-08; upvotes are as-of-fetch, not as-of-date"
hf.papers.daily.backfill,https://huggingface.co/api/daily_papers?date=2026-06-09,2026-09-13T20:06:59Z,200,application/json,329589,9fd46dc6c50a7d4093650a2437270c878825b913704952c5a02a7bd4a370aa73,,,first_capture,raw/hf.papers.daily.backfill/2026/09/20260913T200659Z-9fd46dc6c50a.json.gz,,"backfill of 2026-06-09; upvotes are as-of-fetch, not as-of-date"
hf.papers.daily.backfill,https://huggingface.co/api/daily_papers?date=2026-06-10,2026-09-13T20:07:01Z,200,application/json,273287,58ae31cb7a555c16a3ec6f3552692cff838820df55ed1b91f9c6069398255ae6,,,first_capture,raw/hf.papers.daily.backfill/2026/09/20260913T200701Z-58ae31cb7a55.json.gz,,"backfill of 2026-06-10; upvotes are as-of-fetch, not as-of-date"
hf.papers.daily.backfill,https://huggingface.co/api/daily_papers?date=2026-06-11,2026-09-13T20:07:03Z,200,application/json,244302,fc3e89fe8a2a1fcd4969cea1f9c3776bef70fef76fc02efb51690e692fd59201,,,first_capture,raw/hf.papers.daily.backfill/2026/09/20260913T200703Z-fc3e89fe8a2a.json.gz,,"backfill of 2026-06-11; upvotes are as-of-fetch, not as-of-date"
hf.papers.daily.backfill,https://huggingface.co/api/daily_papers?date=2026-06-12,2026-09-13T20:07:05Z,200,application/json,259542,9468e932cf23e10a561925da5c5e91a62d1be3b8b6116ec25600d557cf266507,,,first_capture,raw/hf.papers.daily.backfill/2026/09/20260913T200705Z-9468e932cf23.json.gz,,"backfill of 2026-06-12; upvotes are as-of-fetch, not as-of-date"
hf.papers.daily.backfill,https://huggingface.co/api/daily_papers?date=2026-06-15,2026-09-13T20:07:10Z,200,application/json,281957,f520312da24d9b5bfde86e7697b6d4b6be657772ccb63ae4f490488ebad33c76,,,first_capture,raw/hf.papers.daily.backfill/2026/09/20260913T200710Z-f520312da24d.json.gz,,"backfill of 2026-06-15; upvotes are as-of-fetch, not as-of-date"
hf.papers.daily.backfill,https://huggingface.co/api/daily_papers?date=2026-06-16,2026-09-13T20:07:12Z,200,application/json,321587,57c1aa0771af10bd11e28838852b9ed2e63ce77470dc5ff92158179d6bd47558,,,first_capture,raw/hf.papers.daily.backfill/2026/09/20260913T200712Z-57c1aa0771af.json.gz,,"backfill of 2026-06-16; upvotes are as-of-fetch, not as-of-date"
hf.papers.daily.backfill,https://huggingface.co/api/daily_papers?date=2026-06-17,2026-09-13T20:07:14Z,200,application/json,185204,e22157109dfe65ef978bd7e43f646d4dab4ad92fbe4d013f42b4a3f91c1b40d7,,,first_capture,raw/hf.papers.daily.backfill/2026/09/20260913T200714Z-e22157109dfe.json.gz,,"backfill of 2026-06-17; upvotes are as-of-fetch, not as-of-date"
hf.papers.daily.backfill,https://huggingface.co/api/daily_papers?date=2026-06-18,2026-09-13T20:07:16Z,200,application/json,224080,77f0a0307a92ceb87deae6b705332014e7319edbba28a0924a054e940f9c9854,,,first_capture,raw/hf.papers.daily.backfill/2026/09/20260913T200716Z-77f0a0307a92.json.gz,,"backfill of 2026-06-18; upvotes are as-of-fetch, not as-of-date"
hf.papers.daily.backfill,https://huggingface.co/api/daily_papers?date=2026-06-19,2026-09-13T20:07:18Z,200,application/json,212654,b9d24823d415e38fb4e360b07932440744223d4c99ab5322975aa92c9c794f2c,,,first_capture,raw/hf.papers.daily.backfill/2026/09/20260913T200718Z-b9d24823d415.json.gz,,"backfill of 2026-06-19; upvotes are as-of-fetch, not as-of-date"
hf.papers.daily.backfill,https://huggingface.co/api/daily_papers?date=2026-06-22,2026-09-13T20:07:22Z,200,application/json,83569,649d8d168adf381ecfcf25cda8ac9820acd34279ffdc3c240df0381bd12518e2,,,first_capture,raw/hf.papers.daily.backfill/2026/09/20260913T200722Z-649d8d168adf.json.gz,,"backfill of 2026-06-22; upvotes are as-of-fetch, not as-of-date"
hf.papers.daily.backfill,https://huggingface.co/api/daily_papers?date=2026-06-23,2026-09-13T20:07:24Z,200,application/json,295527,53d736acf5ed8ab5cc06e295057e96cad5c49b8379d6a7117e5052dae48ce405,,,first_capture,raw/hf.papers.daily.backfill/2026/09/20260913T200724Z-53d736acf5ed.json.gz,,"backfill of 2026-06-23; upvotes are as-of-fetch, not as-of-date"
hf.papers.daily.backfill,https://huggingface.co/api/daily_papers?date=2026-06-24,2026-09-13T20:07:26Z,200,application/json,180960,987b44fcad4fccb0f6a752971339828b0edb081d90cc0d75de01a8f425fbc2a9,,,first_capture,raw/hf.papers.daily.backfill/2026/09/20260913T200726Z-987b44fcad4f.json.gz,,"backfill of 2026-06-24; upvotes are as-of-fetch, not as-of-date"
hf.papers.daily.backfill,https://huggingface.co/api/daily_papers?date=2026-06-25,2026-09-13T20:07:28Z,200,application/json,200886,7f3738d7ad1f728f10b970e04d6761700fb2560fbba6f15793b30a26f415bbda,,,first_capture,raw/hf.papers.daily.backfill/2026/09/20260913T200728Z-7f3738d7ad1f.json.gz,,"backfill of 2026-06-25; upvotes are as-of-fetch, not as-of-date"
hf.papers.daily.backfill,https://huggingface.co/api/daily_papers?date=2026-06-26,2026-09-13T20:07:29Z,200,application/json,148822,643e72a5178765cdc51f2e76e2c53bfa5ab7f3095fcf092d723c49b3c41ba4b6,,,first_capture,raw/hf.papers.daily.backfill/2026/09/20260913T200729Z-643e72a51787.json.gz,,"backfill of 2026-06-26; upvotes are as-of-fetch, not as-of-date"
hf.papers.daily.backfill,https://huggingface.co/api/daily_papers?date=2026-06-29,2026-09-13T20:07:34Z,200,application/json,178079,fe8f1ff5bb025735dc18f9669ae5691e22f61135c91d0e302839b3140dba9b5f,,,first_capture,raw/hf.papers.daily.backfill/2026/09/20260913T200734Z-fe8f1ff5bb02.json.gz,,"backfill of 2026-06-29; upvotes are as-of-fetch, not as-of-date"
hf.papers.daily.backfill,https://huggingface.co/api/daily_papers?date=2026-06-30,2026-09-13T20:07:36Z,200,application/json,281602,87ec3837826614a8742b22bbf33e894b0f48bd510a9e21eade07d86d7566b8c7,,,first_capture,raw/hf.papers.daily.backfill/2026/09/20260913T200736Z-87ec38378266.json.gz,,"backfill of 2026-06-30; upvotes are as-of-fetch, not as-of-date"
hf.papers.daily.backfill,https://huggingface.co/api/daily_papers?date=2026-07-01,2026-09-13T20:07:38Z,200,application/json,239124,87007ae94952bbd99a1f3060be00acfd82bb787df60c07aa323fe3ebc54d1abb,,,first_capture,raw/hf.papers.daily.backfill/2026/09/20260913T200738Z-87007ae94952.json.gz,,"backfill of 2026-07-01; upvotes are as-of-fetch, not as-of-date"
hf.papers.daily.backfill,https://huggingface.co/api/daily_papers?date=2026-07-02,2026-09-13T20:07:39Z,200,application/json,188169,8fe678ea74e1c72c57dee0505c70d52a24dc0513d3222bc839c83913f5f78359,,,first_capture,raw/hf.papers.daily.backfill/2026/09/20260913T200739Z-8fe678ea74e1.json.gz,,"backfill of 2026-07-02; upvotes are as-of-fetch, not as-of-date"
hf.papers.daily.backfill,https://huggingface.co/api/daily_papers?date=2026-07-03,2026-09-13T20:07:41Z,200,application/json,157046,5cb2c77b19e431dff3363c3689473f0aa097026cbb4a1a222424fa8ffdddc452,,,first_capture,raw/hf.papers.daily.backfill/2026/09/20260913T200741Z-5cb2c77b19e4.json.gz,,"backfill of 2026-07-03; upvotes are as-of-fetch, not as-of-date"
hf.papers.daily.backfill,https://huggingface.co/api/daily_papers?date=2026-07-06,2026-09-13T20:07:46Z,200,application/json,79609,bdf4f92d80e2234d2ec02a64b5942b2d3d533eef25bc86226c9a1d772f727f92,,,first_capture,raw/hf.papers.daily.backfill/2026/09/20260913T200746Z-bdf4f92d80e2.json.gz,,"backfill of 2026-07-06; upvotes are as-of-fetch, not as-of-date"
hf.papers.daily.backfill,https://huggingface.co/api/daily_papers?date=2026-07-07,2026-09-13T20:07:48Z,200,application/json,244109,b545c676b640c9d80ba1cc0d7d66c306015ef9980e2217bd7c88264de11c5df8,,,first_capture,raw/hf.papers.daily.backfill/2026/09/20260913T200748Z-b545c676b640.json.gz,,"backfill of 2026-07-07; upvotes are as-of-fetch, not as-of-date"
hf.papers.daily.backfill,https://huggingface.co/api/daily_papers?date=2026-07-08,2026-09-13T20:07:50Z,200,application/json,272835,ff3c6b5bfab7937a204698867a43a2ad582d9272eebbefb45d6b6022a746095c,,,first_capture,raw/hf.papers.daily.backfill/2026/09/20260913T200750Z-ff3c6b5bfab7.json.gz,,"backfill of 2026-07-08; upvotes are as-of-fetch, not as-of-date"
hf.papers.daily.backfill,https://huggingface.co/api/daily_papers?date=2026-07-09,2026-09-13T20:07:51Z,200,application/json,116161,0d596600e6b861de34a52a655e0b85d6b8338e3dad75b2747c8b5758897534be,,,first_capture,raw/hf.papers.daily.backfill/2026/09/20260913T200751Z-0d596600e6b8.json.gz,,"backfill of 2026-07-09; upvotes are as-of-fetch, not as-of-date"
hf.papers.daily.backfill,https://huggingface.co/api/daily_papers?date=2026-07-10,2026-09-13T20:07:53Z,200,application/json,137775,66474c2ef5e08c3d6ae46d076b6a86fd36b42bf901a90c8372cd7e1de884f6fe,,,first_capture,raw/hf.papers.daily.backfill/2026/09/20260913T200753Z-66474c2ef5e0.json.gz,,"backfill of 2026-07-10; upvotes are as-of-fetch, not as-of-date"
hf.papers.daily.backfill,https://huggingface.co/api/daily_papers?date=2026-07-13,2026-09-13T20:07:58Z,200,application/json,83745,ba2f48d6f34600b135ac7a0952a5920399ab700d311eec3971272597f35d00a7,,,first_capture,raw/hf.papers.daily.backfill/2026/09/20260913T200758Z-ba2f48d6f346.json.gz,,"backfill of 2026-07-13; upvotes are as-of-fetch, not as-of-date"
hf.papers.daily.backfill,https://huggingface.co/api/daily_papers?date=2026-07-14,2026-09-13T20:08:00Z,200,application/json,114677,e923130a6e02e5c61832798d91ae7ec81204548b68700a56a0342430671958bf,,,first_capture,raw/hf.papers.daily.backfill/2026/09/20260913T200800Z-e923130a6e02.json.gz,,"backfill of 2026-07-14; upvotes are as-of-fetch, not as-of-date"
hf.papers.daily.backfill,https://huggingface.co/api/daily_papers?date=2026-07-15,2026-09-13T20:08:01Z,200,application/json,89941,ca97a8367fbf4b88ab97a369b30faf9f53ca458635be97f3f3a9e41101f598f1,,,first_capture,raw/hf.papers.daily.backfill/2026/09/20260913T200801Z-ca97a8367fbf.json.gz,,"backfill of 2026-07-15; upvotes are as-of-fetch, not as-of-date"
hf.papers.daily.backfill,https://huggingface.co/api/daily_papers?date=2026-07-16,2026-09-13T20:08:03Z,200,application/json,151533,619018a3c90bc792375f5be278cb2dcf49d03214a4c3184de21d2be80ed4043c,,,first_capture,raw/hf.papers.daily.backfill/2026/09/20260913T200803Z-619018a3c90b.json.gz,,"backfill of 2026-07-16; upvotes are as-of-fetch, not as-of-date"
hf.papers.daily.backfill,https://huggingface.co/api/daily_papers?date=2026-07-17,2026-09-13T20:08:05Z,200,application/json,183716,5552b6cf36027c3173a88696cda90513393059fea707ece5d47f614f04359abf,,,first_capture,raw/hf.papers.daily.backfill/2026/09/20260913T200805Z-5552b6cf3602.json.gz,,"backfill of 2026-07-17; upvotes are as-of-fetch, not as-of-date"
hf.papers.daily.backfill,https://huggingface.co/api/daily_papers?date=2026-07-20,2026-09-13T20:08:10Z,200,application/json,156866,60df03dd2f83f1551a479cf7d27e296cb06876dc614481244a587bb7934925e0,,,first_capture,raw/hf.papers.daily.backfill/2026/09/20260913T200810Z-60df03dd2f83.json.gz,,"backfill of 2026-07-20; upvotes are as-of-fetch, not as-of-date"
hf.papers.daily.backfill,https://huggingface.co/api/daily_papers?date=2026-07-21,2026-09-13T20:08:11Z,200,application/json,218690,2feb863864ef90ab92f9fc9cf92ac69a5bb6d6581ead813a0fd887943a4f38f6,,,first_capture,raw/hf.papers.daily.backfill/2026/09/20260913T200811Z-2feb863864ef.json.gz,,"backfill of 2026-07-21; upvotes are as-of-fetch, not as-of-date"
hf.papers.daily.backfill,https://huggingface.co/api/daily_papers?date=2026-07-22,2026-09-13T20:08:13Z,200,application/json,154862,0151069462acb5de3ab906ada44536abe2b0bd1c01bf65e720cb2b9d8cb99929,,,first_capture,raw/hf.papers.daily.backfill/2026/09/20260913T200813Z-0151069462ac.json.gz,,"backfill of 2026-07-22; upvotes are as-of-fetch, not as-of-date"
hf.papers.daily.backfill,https://huggingface.co/api/daily_papers?date=2026-07-23,2026-09-13T20:08:15Z,200,application/json,116951,2a17d18d53807b0494fb8513e5bdd72ab3c207507e4be1b280a412343f246816,,,first_capture,raw/hf.papers.daily.backfill/2026/09/20260913T200815Z-2a17d18d5380.json.gz,,"backfill of 2026-07-23; upvotes are as-of-fetch, not as-of-date"
hf.papers.daily.backfill,https://huggingface.co/api/daily_papers?date=2026-07-24,2026-09-13T20:08:17Z,200,application/json,134894,2a230f47bd5eba4174ba6a933ccc098b6a2d73edada6bd6aa50a92967c95e31a,,,first_capture,raw/hf.papers.daily.backfill/2026/09/20260913T200817Z-2a230f47bd5e.json.gz,,"backfill of 2026-07-24; upvotes are as-of-fetch, not as-of-date"
hf.papers.daily.backfill,https://huggingface.co/api/daily_papers?date=2026-07-27,2026-09-13T20:08:21Z,200,application/json,98412,d791075427a8f3c97c6845075a33846d819d250e4980cab28aa19c137f15e530,,,first_capture,raw/hf.papers.daily.backfill/2026/09/20260913T200821Z-d791075427a8.json.gz,,"backfill of 2026-07-27; upvotes are as-of-fetch, not as-of-date"
hf.papers.daily.backfill,https://huggingface.co/api/daily_papers?date=2026-07-28,2026-09-13T20:08:23Z,200,application/json,228708,2651078e9229ff66ed04c8fe2edf662922aa7740889c9346f8eed95c80dd1e4d,,,first_capture,raw/hf.papers.daily.backfill/2026/09/20260913T200823Z-2651078e9229.json.gz,,"backfill of 2026-07-28; upvotes are as-of-fetch, not as-of-date"
hf.papers.daily.backfill,https://huggingface.co/api/daily_papers?date=2026-07-29,2026-09-13T20:08:25Z,200,application/json,174002,ae78a8895ada954b733019b5a9974bf34d8bf3430be3909a8f9ebfa88503fd57,,,first_capture,raw/hf.papers.daily.backfill/2026/09/20260913T200825Z-ae78a8895ada.json.gz,,"backfill of 2026-07-29; upvotes are as-of-fetch, not as-of-date"
hf.papers.daily.backfill,https://huggingface.co/api/daily_papers?date=2026-07-30,2026-09-13T20:08:27Z,200,application/json,141315,5e9dc3a29ca48acb758271a33c05d99d2e989f214f4b4817bd984f33cd87bb2e,,,first_capture,raw/hf.papers.daily.backfill/2026/09/20260913T200827Z-5e9dc3a29ca4.json.gz,,"backfill of 2026-07-30; upvotes are as-of-fetch, not as-of-date"
hf.papers.daily.backfill,https://huggingface.co/api/daily_papers?date=2026-07-31,2026-09-13T20:08:28Z,200,application/json,236763,1b24e610f6b03309f0ee6c371a2df278bf012609228d3867c7371dbe56e0b20a,,,first_capture,raw/hf.papers.daily.backfill/2026/09/20260913T200828Z-1b24e610f6b0.json.gz,,"backfill of 2026-07-31; upvotes are as-of-fetch, not as-of-date"
hf.papers.daily.backfill,https://huggingface.co/api/daily_papers?date=2026-08-03,2026-09-13T20:08:33Z,200,application/json,161269,5b7463f8a4c6f2e7a82360d43f9712dae156eb29e47c551b70a85dc6f3954d08,,,first_capture,raw/hf.papers.daily.backfill/2026/09/20260913T200833Z-5b7463f8a4c6.json.gz,,"backfill of 2026-08-03; upvotes are as-of-fetch, not as-of-date"
hf.papers.daily.backfill,https://huggingface.co/api/daily_papers?date=2026-08-04,2026-09-13T20:08:35Z,200,application/json,240602,622814df20242300f8dce51b4d3d6f9ffeb9b3beb437c7776784a7c0e0475d64,,,first_capture,raw/hf.papers.daily.backfill/2026/09/20260913T200835Z-622814df2024.json.gz,,"backfill of 2026-08-04; upvotes are as-of-fetch, not as-of-date"
hf.papers.daily.backfill,https://huggingface.co/api/daily_papers?date=2026-08-05,2026-09-13T20:08:37Z,200,application/json,225837,b392be7fa78bad9713130f0b9dbe54f2a095baac4058f442bc8f6e1bb9b8a8cf,,,first_capture,raw/hf.papers.daily.backfill/2026/09/20260913T200837Z-b392be7fa78b.json.gz,,"backfill of 2026-08-05; upvotes are as-of-fetch, not as-of-date"
hf.papers.daily.backfill,https://huggingface.co/api/daily_papers?date=2026-08-06,2026-09-13T20:08:39Z,200,application/json,205901,bc3e778798a229b69db671fc8001f81d54650bbc55be8e2f738798ba8abf966a,,,first_capture,raw/hf.papers.daily.backfill/2026/09/20260913T200839Z-bc3e778798a2.json.gz,,"backfill of 2026-08-06; upvotes are as-of-fetch, not as-of-date"
hf.papers.daily.backfill,https://huggingface.co/api/daily_papers?date=2026-08-07,2026-09-13T20:08:41Z,200,application/json,181850,f628bd661b444ab1ed8df3e35ca67bfe805f570f7486cfd4dec0f7520a8be399,,,first_capture,raw/hf.papers.daily.backfill/2026/09/20260913T200841Z-f628bd661b44.json.gz,,"backfill of 2026-08-07; upvotes are as-of-fetch, not as-of-date"
hf.papers.daily.backfill,https://huggingface.co/api/daily_papers?date=2026-08-10,2026-09-13T20:08:46Z,200,application/json,220396,a30537d9b41c1e15b0f018e75a2fd00ec947e37235d21ce3e2bd7619125fcb43,,,first_capture,raw/hf.papers.daily.backfill/2026/09/20260913T200846Z-a30537d9b41c.json.gz,,"backfill of 2026-08-10; upvotes are as-of-fetch, not as-of-date"
hf.papers.daily.backfill,https://huggingface.co/api/daily_papers?date=2026-08-11,2026-09-13T20:08:48Z,200,application/json,226398,e8745e243602eccd64d3bfa2cc2a5e187a889938746eeb9b7d9a611b542496ff,,,first_capture,raw/hf.papers.daily.backfill/2026/09/20260913T200848Z-e8745e243602.json.gz,,"backfill of 2026-08-11; upvotes are as-of-fetch, not as-of-date"
hf.papers.daily.backfill,https://huggingface.co/api/daily_papers?date=2026-08-12,2026-09-13T20:08:49Z,200,application/json,124436,fcf3bc7b94d42b3625209f66aabb0581c93289dfe67cd86fc560d4da0e8aa80c,,,first_capture,raw/hf.papers.daily.backfill/2026/09/20260913T200849Z-fcf3bc7b94d4.json.gz,,"backfill of 2026-08-12; upvotes are as-of-fetch, not as-of-date"
hf.papers.daily.backfill,https://huggingface.co/api/daily_papers?date=2026-08-13,2026-09-13T20:08:51Z,200,application/json,153050,a3cf31ba9cd24e131e177484f3acaefd3b814b2d4a7ffbb0bc117727fedd60f4,,,first_capture,raw/hf.papers.daily.backfill/2026/09/20260913T200851Z-a3cf31ba9cd2.json.gz,,"backfill of 2026-08-13; upvotes are as-of-fetch, not as-of-date"
hf.papers.daily.backfill,https://huggingface.co/api/daily_papers?date=2026-08-14,2026-09-13T20:08:53Z,200,application/json,192204,47799488ecfacc080dcf10384e76f048b4b5db1599dba4ddd1e9814fdb6c2b31,,,first_capture,raw/hf.papers.daily.backfill/2026/09/20260913T200853Z-47799488ecfa.json.gz,,"backfill of 2026-08-14; upvotes are as-of-fetch, not as-of-date"
hf.papers.daily.backfill,https://huggingface.co/api/daily_papers?date=2026-08-17,2026-09-13T20:08:57Z,200,application/json,199887,62e8b734e3e22089afbe64881ca777f50fbdfd325cbe0694f74d190b6157c6b4,,,first_capture,raw/hf.papers.daily.backfill/2026/09/20260913T200857Z-62e8b734e3e2.json.gz,,"backfill of 2026-08-17; upvotes are as-of-fetch, not as-of-date"
hf.papers.daily.backfill,https://huggingface.co/api/daily_papers?date=2026-08-18,2026-09-13T20:08:59Z,200,application/json,256755,58cae5c640ed0bbc2b218ca1095793f51282f2be3e7b5a186aa8f68ff372fa62,,,first_capture,raw/hf.papers.daily.backfill/2026/09/20260913T200859Z-58cae5c640ed.json.gz,,"backfill of 2026-08-18; upvotes are as-of-fetch, not as-of-date"
hf.papers.daily.backfill,https://huggingface.co/api/daily_papers?date=2026-08-19,2026-09-13T20:09:01Z,200,application/json,208598,b14554282eedeaf5da5424d73c39ac95cbc0bbc9d82cd1448536570039755037,,,first_capture,raw/hf.papers.daily.backfill/2026/09/20260913T200901Z-b14554282eed.json.gz,,"backfill of 2026-08-19; upvotes are as-of-fetch, not as-of-date"
hf.papers.daily.backfill,https://huggingface.co/api/daily_papers?date=2026-08-20,2026-09-13T20:09:03Z,200,application/json,132189,9ce3499d7b79fc3afa69161c72d5db45f19210a90c1d36eadd35b68ba6ccd5fe,,,first_capture,raw/hf.papers.daily.backfill/2026/09/20260913T200903Z-9ce3499d7b79.json.gz,,"backfill of 2026-08-20; upvotes are as-of-fetch, not as-of-date"
hf.papers.daily.backfill,https://huggingface.co/api/daily_papers?date=2026-08-21,2026-09-13T20:09:04Z,200,application/json,156885,f58c19faaab02255acb6e3fa9475b0826427cb1b750b6e1b404cdde98b83cd0a,,,first_capture,raw/hf.papers.daily.backfill/2026/09/20260913T200904Z-f58c19faaab0.json.gz,,"backfill of 2026-08-21; upvotes are as-of-fetch, not as-of-date"
hf.papers.daily.backfill,https://huggingface.co/api/daily_papers?date=2026-08-24,2026-09-13T20:09:09Z,200,application/json,129475,b1d3458e3d88dc85c96eb24d210f572944aa1fd9f67ca44e1dd9642660645bc2,,,first_capture,raw/hf.papers.daily.backfill/2026/09/20260913T200909Z-b1d3458e3d88.json.gz,,"backfill of 2026-08-24; upvotes are as-of-fetch, not as-of-date"
hf.papers.daily.backfill,https://huggingface.co/api/daily_papers?date=2026-08-25,2026-09-13T20:09:11Z,200,application/json,218394,88006f87c83c7f73924ffeda44cffaa234b5007946dd8bb5c6f01dd82db865d9,,,first_capture,raw/hf.papers.daily.backfill/2026/09/20260913T200911Z-88006f87c83c.json.gz,,"backfill of 2026-08-25; upvotes are as-of-fetch, not as-of-date"
hf.papers.daily.backfill,https://huggingface.co/api/daily_papers?date=2026-08-26,2026-09-13T20:09:13Z,200,application/json,159884,65cb51a365b74e088373bbd636467ae4f2452123f064400346b45ff2773ca550,,,first_capture,raw/hf.papers.daily.backfill/2026/09/20260913T200913Z-65cb51a365b7.json.gz,,"backfill of 2026-08-26; upvotes are as-of-fetch, not as-of-date"
hf.papers.daily.backfill,https://huggingface.co/api/daily_papers?date=2026-08-27,2026-09-13T20:09:14Z,200,application/json,199202,a83b70919b05685f5ea3f4bce768299f500c340671578fafc0926bdec0aedc28,,,first_capture,raw/hf.papers.daily.backfill/2026/09/20260913T200914Z-a83b70919b05.json.gz,,"backfill of 2026-08-27; upvotes are as-of-fetch, not as-of-date"
hf.papers.daily.backfill,https://huggingface.co/api/daily_papers?date=2026-08-28,2026-09-13T20:09:16Z,200,application/json,133236,040245251ae899ea8c59487b03e1d880bf2ae8090e1a2bbd4bc13db13acd0bdb,,,first_capture,raw/hf.papers.daily.backfill/2026/09/20260913T200916Z-040245251ae8.json.gz,,"backfill of 2026-08-28; upvotes are as-of-fetch, not as-of-date"
hf.papers.daily.backfill,https://huggingface.co/api/daily_papers?date=2026-08-31,2026-09-13T20:09:21Z,200,application/json,187993,d6f0c504aad3134788cf304ee0c50e731be82bf4e681b796bbd536019c07696e,,,first_capture,raw/hf.papers.daily.backfill/2026/09/20260913T200921Z-d6f0c504aad3.json.gz,,"backfill of 2026-08-31; upvotes are as-of-fetch, not as-of-date"
hf.papers.daily.backfill,https://huggingface.co/api/daily_papers?date=2026-09-01,2026-09-13T20:09:23Z,200,application/json,235482,aff9c3415f838ba2371a314205b32a739e6e17e41013b8d111db800b894a7de5,,,first_capture,raw/hf.papers.daily.backfill/2026/09/20260913T200923Z-aff9c3415f83.json.gz,,"backfill of 2026-09-01; upvotes are as-of-fetch, not as-of-date"
hf.papers.daily.backfill,https://huggingface.co/api/daily_papers?date=2026-09-02,2026-09-13T20:09:24Z,200,application/json,181971,0547b0574ac36ab9c7ba05e6796c77fb72a980259fe0bf34438e7dd19aaa1913,,,first_capture,raw/hf.papers.daily.backfill/2026/09/20260913T200924Z-0547b0574ac3.json.gz,,"backfill of 2026-09-02; upvotes are as-of-fetch, not as-of-date"
hf.papers.daily.backfill,https://huggingface.co/api/daily_papers?date=2026-09-03,2026-09-13T20:09:26Z,200,application/json,208173,709503dfb35e634831b54a1b5aaed51fa618d6c1c4a6d4fb6ec3886fdcbdb17b,,,first_capture,raw/hf.papers.daily.backfill/2026/09/20260913T200926Z-709503dfb35e.json.gz,,"backfill of 2026-09-03; upvotes are as-of-fetch, not as-of-date"
hf.papers.daily.backfill,https://huggingface.co/api/daily_papers?date=2026-09-04,2026-09-13T20:09:28Z,200,application/json,199075,af40faba025d5c0cfdf05435e6e1a7f9d2b0797fa73752c3c83f2d3550a12e94,,,first_capture,raw/hf.papers.daily.backfill/2026/09/20260913T200928Z-af40faba025d.json.gz,,"backfill of 2026-09-04; upvotes are as-of-fetch, not as-of-date"
hf.papers.daily.backfill,https://huggingface.co/api/daily_papers?date=2026-09-07,2026-09-13T20:09:33Z,200,application/json,163007,775c8113b4649c82acbf396a1ac0d7a1ea8785b9c25ed3138fc5eb2f60be2581,,,first_capture,raw/hf.papers.daily.backfill/2026/09/20260913T200933Z-775c8113b464.json.gz,,"backfill of 2026-09-07; upvotes are as-of-fetch, not as-of-date"
hf.papers.daily.backfill,https://huggingface.co/api/daily_papers?date=2026-09-08,2026-09-13T20:09:34Z,200,application/json,73194,162d96a40065b855f719b9f7ea8c806c09c54404fa1cb364d29b94152fb73d91,,,first_capture,raw/hf.papers.daily.backfill/2026/09/20260913T200934Z-162d96a40065.json.gz,,"backfill of 2026-09-08; upvotes are as-of-fetch, not as-of-date"
hf.papers.daily.backfill,https://huggingface.co/api/daily_papers?date=2026-09-09,2026-09-13T20:09:36Z,200,application/json,296024,9212af5a8c2657ab0756b18fe24ebbb94dcd7277a00599e7bea0a277adc4b83d,,,first_capture,raw/hf.papers.daily.backfill/2026/09/20260913T200936Z-9212af5a8c26.json.gz,,"backfill of 2026-09-09; upvotes are as-of-fetch, not as-of-date"
hf.papers.daily.backfill,https://huggingface.co/api/daily_papers?date=2026-09-10,2026-09-13T20:09:38Z,200,application/json,184233,55e4fff90e03f6d4d72bb18dc58da5fba939f43c63a2e78274879e330e00d28d,,,first_capture,raw/hf.papers.daily.backfill/2026/09/20260913T200938Z-55e4fff90e03.json.gz,,"backfill of 2026-09-10; upvotes are as-of-fetch, not as-of-date"
hf.papers.daily.backfill,https://huggingface.co/api/daily_papers?date=2026-09-11,2026-09-13T20:09:39Z,200,application/json,160592,65dfb7e89715be13f6662c00a75bd02e91f11e95f4b1a026d3b4c5c0b53165d2,,,first_capture,raw/hf.papers.daily.backfill/2026/09/20260913T200939Z-65dfb7e89715.json.gz,,"backfill of 2026-09-11; upvotes are as-of-fetch, not as-of-date"
